1835	205-198	0	18572	-1	42234at4891|117441|-|58|8.189e-11|1|8|205|205[205]:8[8]:198[198]
2031	29+276	0	8168	1	33993at4891|129985|+|144|1.058e-36|1|29|304|29[29]:304[304]:276[276]
2101	1+372	0	13237	1	28785at4891|134465|+|99|3.724e-23|1|1|372|1[1]:372[372]:372[372]
2111	304-303	0	6837	-1	31569at4891|135105|-|164|1.009e-42|1|2|304|304[304]:2[2]:303[303]
2133	406-402	0	9923	-1	24114at4891|136513|-|198|5.875e-53|1|5|406|406[406]:5[5]:402[402]
2140	13+405	0	20242	1	24692at4891|136961|+|218|5.603e-59|1|13|417|13[13]:417[417]:405[405]
2151	23+357	0	4151	1	25808at4891|137665|+|78|7.81e-17|1|23|379|23[23]:379[379]:357[357]
2165	186+279	0	17111	1	29354at4891|138561|+|166|2.523e-43|1|186|464|186[186]:464[464]:279[279]
2186	25+483	0	869	1	22393at4891|139905|+|278|4.86e-77|1|25|507|25[25]:507[507]:483[483]
2196	510-510	0	14807	-1	8596at4891|140545|-|158|6.46e-41|1|1|510|510[510]:1[1]:510[510]
2200	19+525	0	17737	1	28396at4891|140801|+|312|2.829e-87|1|19|543|19[19]:543[543]:525[525]
2212	577-576	0	13859	-1	27724at4891|141569|-|256|2.038e-70|1|2|577|577[577]:2[2]:576[576]
2227	2+636	0	6563	1	16106at4891|142529|+|340|1.054e-95|1|2|637|2[2]:637[637]:636[636]
2230	381-342	0	1419	-1	16849at4891|142721|-|68|7.997e-14|1|40|381|381[381]:40[40]:342[342]
2232	655-585	0	8567	-1	20158at4891|142849|-|206|2.295e-55|1|71|655|655[655]:71[71]:585[585]
2234	29+591	0	11743	1	17077at4891|142977|+|86|3.051e-19|1|29|619|29[29]:619[619]:591[591]
2238	108+525	0	6077	1	25386at4891|143233|+|110|1.818e-26|1|108|632|108[108]:632[632]:525[525]
2239	682-636	0	5976	-1	19275at4891|143297|-|127|1.387e-31|1|47|682|682[682]:47[47]:636[636]
2240	18+684	0	17659	1	24271at4891|143361|+|395|2.925e-112|1|18|701|18[18]:701[701]:684[684]
2250	148+627	0	18660	1	8065at4891|144001|+|175|4.929e-46|1|148|774|148[148]:774[774]:627[627]
2255	2+816	0	4401	1	4476at4891|144321|+|259|2.548e-71|1|2|817|2[2]:817[817]:816[816]
2260	872-843	0	17444	-1	12039at4891|144641|-|504|4.507e-145|1|30|872|872[872]:30[30]:843[843]
2263	0+912	0	15783	1	27209at4891|144833|+|450|8.118e-129|1|0|911|0[0]:911[911]:912[912]
2268	225+768	0	11918	1	27320at4891|145153|+|156|2.584e-40|1|225|992|225[225]:992[992]:768[768]
4198	0+207	0	11371	1	32823at4891|122691|+|131|8.67e-33|1|0|206|0[0]:206[206]:207[207]
4242	258-243	0	2212	-1	25565at4891|125507|-|113|2.273e-27|1|16|258|258[258]:16[16]:243[243]
4409	0+360	0	18229	1	19827at4891|136195|+|172|3.943e-45|1|0|359|0[0]:359[359]:360[360]
4454	1+399	0	3071	1	38748at4891|139075|+|115|5.682e-28|1|1|399|1[1]:399[399]:399[399]
4458	2+342	0	3526	1	26792at4891|139331|+|104|1.164e-24|1|2|343|2[2]:343[343]:342[342]
4459	368-357	0	17794	-1	31564at4891|139395|-|54|1.31e-09|1|12|368|368[368]:12[12]:357[357]
4463	2+486	0	285	1	26056at4891|139651|+|117|1.421e-28|1|2|487|2[2]:487[487]:486[486]
4474	524-522	0	8605	-1	22293at4891|140355|-|224|8.755e-61|1|3|524|524[524]:3[3]:522[522]
4489	0+567	0	9867	1	20735at4891|141315|+|194|9.4e-52|1|0|566|0[0]:566[566]:567[567]
4490	0+567	0	2777	1	21024at4891|141379|+|245|4.175e-67|1|0|566|0[0]:566[566]:567[567]
4496	591-591	0	18910	-1	21962at4891|141763|-|364|6.281e-103|1|1|591|591[591]:1[1]:591[591]
4497	2+594	0	8551	1	18994at4891|141827|+|353|1.286e-99|1|2|595|2[2]:595[595]:594[594]
4511	5+645	0	19359	1	11037at4891|142723|+|333|1.349e-93|1|5|649|5[5]:649[649]:645[645]
4524	716-717	0	19467	-1	16809at4891|143555|-|289|2.373e-80|1|0|716|716[716]:0[0]:717[717]
4532	217+546	0	19449	1	15960at4891|144067|+|49|4.193e-08|1|217|762|217[217]:762[762]:546[546]
4534	794-795	0	12238	-1	9294at4891|144195|-|377|7.668e-107|1|0|794|794[794]:0[0]:795[795]
4548	2+987	0	7001	1	5478at4891|145091|+|530|6.715e-153|1|2|988|2[2]:988[988]:987[987]
4549	835-834	0	19349	-1	10618at4891|145155|-|130|1.734e-32|1|2|835|835[835]:2[2]:834[834]
4550	1+639	0	5880	1	13867at4891|145219|+|184|9.626e-49|1|1|639|1[1]:639[639]:639[639]
4551	47+1017	0	9627	1	7444at4891|145283|+|606|8.888e-176|1|47|1063|47[47]:1063[1063]:1017[1017]
4557	1197-270	0	14689	-1	39582at4891|145667|-|49|4.193e-08|1|928|1197|1197[1197]:928[928]:270[270]
6523	227-228	0	12713	-1	36113at4891|125509|-|140|1.693e-35|1|0|227|227[227]:0[0]:228[228]
6690	2+402	0	14650	1	36485at4891|136197|+|166|2.523e-43|1|2|403|2[2]:403[403]:402[402]
6704	366-366	0	4133	-1	24998at4891|137093|-|95|5.958e-22|1|1|366|366[366]:1[1]:366[366]
6718	1+441	0	2365	1	34037at4891|137989|+|173|1.971e-45|1|1|441|1[1]:441[441]:441[441]
6731	355-270	0	10113	-1	34687at4891|138821|-|43|2.683e-06|1|86|355|355[355]:86[86]:270[270]
6732	472-399	0	13830	-1	26145at4891|138885|-|73|2.499e-15|1|74|472|472[472]:74[74]:399[399]
6739	9+447	0	11158	1	20766at4891|139333|+|99|3.724e-23|1|9|455|9[9]:455[455]:447[447]
6741	22+429	0	9562	1	4496at4891|139461|+|113|2.273e-27|1|22|450|22[22]:450[450]:429[429]
6766	66+246	0	6284	1	37786at4891|141061|+|115|5.682e-28|1|66|311|66[66]:311[311]:246[246]
6768	290+207	0	8253	1	40500at4891|141189|+|39|4.293e-05|1|290|496|290[290]:496[496]:207[207]
6769	1+546	0	12998	1	15179at4891|141253|+|323|1.381e-90|1|1|546|1[1]:546[546]:546[546]
6771	520-471	0	17517	-1	15960at4891|141381|-|66|3.199e-13|1|50|520|520[520]:50[50]:471[471]
6784	2+615	0	7320	1	22513at4891|142213|+|305|3.621e-85|1|2|616|2[2]:616[616]:615[615]
6790	1+516	0	11838	1	22807at4891|142597|+|325|3.453e-91|1|1|516|1[1]:516[516]:516[516]
6792	293-270	0	6916	-1	36811at4891|142725|-|49|4.193e-08|1|24|293|293[293]:24[24]:270[270]
6793	24+627	0	12343	1	14551at4891|142789|+|362|2.513e-102|1|24|650|24[24]:650[650]:627[627]
6794	1+648	0	1116	1	37194at4891|142853|+|98|7.448e-23|1|1|648|1[1]:648[648]:648[648]
6796	0+666	0	19361	1	11198at4891|142981|+|181|7.701e-48|1|0|665|0[0]:665[665]:666[666]
6802	243+459	0	8135	1	31961at4891|143365|+|91|9.533e-21|1|243|701|243[243]:701[701]:459[459]
6803	706-705	0	2574	-1	9767at4891|143429|-|181|7.701e-48|1|2|706|706[706]:2[2]:705[705]
6807	1+708	0	6634	1	20202at4891|143685|+|357|8.04e-101|1|1|708|1[1]:708[708]:708[708]
6818	2+816	0	15599	1	16576at4891|144389|+|316|1.768e-88|1|2|817|2[2]:817[817]:816[816]
6826	425+501	0	7316	1	22313at4891|144901|+|74|1.25e-15|1|425|925|425[425]:925[925]:501[501]
6832	1062-1050	0	18640	-1	7062at4891|145285|-|661|2.467e-192|1|13|1062|1062[1062]:13[13]:1050[1050]
6834	1119-969	0	9557	-1	4361at4891|145413|-|455|2.537e-130|1|151|1119|1119[1119]:151[151]:969[969]
6837	597+627	0	860	1	21962at4891|145605|+|63|2.559e-12|1|597|1223|597[597]:1223[1223]:627[627]
8645	2+201	0	6958	1	40078at4891|115399|+|95|5.958e-22|1|2|202|2[2]:202[202]:201[201]
8846	67+219	0	3695	1	37136at4891|128263|+|93|2.383e-21|1|67|285|67[67]:285[285]:219[219]
8886	1+318	0	19743	1	32546at4891|130823|+|210|1.434e-56|1|1|318|1[1]:318[318]:318[318]
8960	2+390	0	5535	1	30846at4891|135559|+|190|1.504e-50|1|2|391|2[2]:391[391]:390[390]
8970	103+303	0	9419	1	31657at4891|136199|+|214|8.965e-58|1|103|405|103[103]:405[405]:303[303]
9013	475-474	0	5976	-1	19275at4891|138951|-|258|5.096e-71|1|2|475|475[475]:2[2]:474[474]
9028	507-453	0	12419	-1	18893at4891|139911|-|84|1.22e-18|1|55|507|507[507]:55[55]:453[453]
9033	4+354	0	19038	1	29070at4891|140231|+|117|1.421e-28|1|4|357|4[4]:357[357]:354[354]
9046	9+546	0	11774	1	18893at4891|141063|+|111|9.092e-27|1|9|554|9[9]:554[554]:546[546]
9047	459-375	0	4635	-1	16399at4891|141127|-|68|7.997e-14|1|85|459|459[459]:85[85]:375[375]
9058	560-561	0	2866	-1	26130at4891|141831|-|153|2.067e-39|1|0|560|560[560]:0[0]:561[561]
9060	80+522	0	15184	1	29601at4891|141959|+|184|9.626e-49|1|80|601|80[80]:601[601]:522[522]
9066	603-450	0	11129	-1	18893at4891|142343|-|52|5.241e-09|1|154|603|603[603]:154[154]:450[450]
9092	2+684	0	17509	1	15475at4891|144007|+|316|1.768e-88|1|2|685|2[2]:685[685]:684[684]
9096	708-654	0	17591	-1	20191at4891|144263|-|70|1.999e-14|1|55|708|708[708]:55[55]:654[654]
9097	819-819	0	17393	-1	9420at4891|144327|-|236|2.137e-64|1|1|819|819[819]:1[1]:819[819]
9100	0+426	0	2288	1	29630at4891|144519|+|193|1.88e-51|1|0|425|0[0]:425[425]:426[426]
9101	288+576	0	13197	1	26634at4891|144583|+|178|6.161e-47|1|288|863|288[288]:863[863]:576[576]
9105	7+636	0	9852	1	1979at4891|144839|+|140|1.693e-35|1|7|642|7[7]:642[642]:636[636]
9111	337-333	0	16341	-1	22335at4891|145223|-|141|8.467e-36|1|5|337|337[337]:5[5]:333[333]
9112	1064-1065	0	1185	-1	4850at4891|145287|-|629|1.06e-182|1|0|1064|1064[1064]:0[0]:1065[1065]
9115	1054-762	0	4194	-1	28105at4891|145479|-|233|1.71e-63|1|293|1054|1054[1054]:293[293]:762[762]
9116	193+996	0	20608	1	8998at4891|145543|+|63|2.559e-12|1|193|1188|193[193]:1188[1188]:996[996]
9119	1261-549	0	9173	-1	17728at4891|145735|-|68|7.997e-14|1|713|1261|1261[1261]:713[713]:549[549]
11073	0+210	0	5005	1	38710at4891|124873|+|116|2.841e-28|1|0|209|0[0]:209[209]:210[210]
11277	9+435	0	11129	1	18893at4891|137929|+|81|9.762e-18|1|9|443|9[9]:443[443]:435[435]
11293	475-471	0	5364	-1	21465at4891|138953|-|294|7.416e-82|1|5|475|475[475]:5[5]:471[471]
11315	20+504	0	13166	1	25148at4891|140361|+|254|8.154e-70|1|20|523|20[20]:523[523]:504[504]
11343	609-555	0	7946	-1	21543at4891|142153|-|243|1.67e-66|1|55|609|609[609]:55[55]:555[555]
11349	2+621	0	18733	1	12111at4891|142537|+|366|1.57e-103|1|2|622|2[2]:622[622]:621[621]
11353	587-552	0	12431	-1	19731at4891|142793|-|183|1.925e-48|1|36|587|587[587]:36[36]:552[552]
11360	686-687	0	14907	-1	13869at4891|143241|-|356|1.608e-100|1|0|686|686[686]:0[0]:687[687]
11361	7+627	0	7144	1	12549at4891|143305|+|230|1.368e-62|1|7|633|7[7]:633[633]:627[627]
11362	0+699	0	20623	1	9816at4891|143369|+|408|3.571e-116|1|0|698|0[0]:698[698]:699[699]
11374	68+726	0	19964	1	8998at4891|144137|+|412|2.232e-117|1|68|793|68[68]:793[793]:726[726]
11375	801-750	0	17089	-1	28186at4891|144201|-|109|3.637e-26|1|52|801|801[801]:52[52]:750[750]
11378	0+831	0	15578	1	15496at4891|144393|+|235|4.275e-64|1|0|830|0[0]:830[830]:831[831]
11386	1+930	0	1274	1	9322at4891|144905|+|518|2.751e-149|1|1|930|1[1]:930[930]:930[930]
11390	899-735	0	18250	-1	21160at4891|145161|-|39|4.293e-05|1|165|899|899[899]:165[165]:735[735]
11395	2+1119	0	4354	1	3824at4891|145481|+|462|1.982e-132|1|2|1120|2[2]:1120[1120]:1119[1119]
11398	975-975	0	10209	-1	4581at4891|145673|-|156|2.584e-40|1|1|975|975[975]:1[1]:975[975]
11400	1386-336	0	3711	-1	38422at4891|145801|-|48|8.385e-08|1|1051|1386|1386[1386]:1051[1051]:336[336]
11400	1527-759	0	14386	-1	21160at4891|145801|-|102|4.655e-24|1|769|1527|1527[1527]:769[769]:759[759]
13254	10+195	0	7484	1	31657at4891|118539|+|73|2.499e-15|1|10|204|10[10]:204[204]:195[195]
13373	261-261	0	17106	-1	29070at4891|126155|-|55|6.551e-10|1|1|261|261[261]:1[1]:261[261]
13383	51+222	0	20455	1	37266at4891|126795|+|157|1.292e-40|1|51|272|51[51]:272[272]:222[222]
13429	302-279	0	11994	-1	31406at4891|129739|-|135|5.419e-34|1|24|302|302[302]:24[24]:279[279]
13484	351-351	0	19172	-1	37639at4891|133259|-|68|7.997e-14|1|1|351|351[351]:1[1]:351[351]
13491	195-186	0	10123	-1	35367at4891|133707|-|65|6.398e-13|1|10|195|195[195]:10[10]:186[186]
13532	407-288	0	6219	-1	33220at4891|136331|-|110|1.818e-26|1|120|407|407[407]:120[120]:288[288]
13579	2+486	0	14936	1	15588at4891|139339|+|89|3.813e-20|1|2|487|2[2]:487[487]:486[486]
13588	3+468	0	9839	1	18893at4891|139915|+|100|1.862e-23|1|3|470|3[3]:470[470]:468[468]
13591	3+432	0	14936	1	15588at4891|140107|+|77|1.562e-16|1|3|434|3[3]:434[434]:432[432]
13592	32+483	0	3484	1	24693at4891|140171|+|267|9.953e-74|1|32|514|32[32]:514[514]:483[483]
13594	520-519	0	4103	-1	23143at4891|140299|-|323|1.381e-90|1|2|520|520[520]:2[2]:519[519]
13599	524-447	0	8657	-1	25386at4891|140619|-|54|1.31e-09|1|78|524|524[524]:78[78]:447[447]
13604	17+510	0	9839	1	18893at4891|140939|+|81|9.762e-18|1|17|526|17[17]:526[526]:510[510]
13606	1+555	0	16445	1	28186at4891|141067|+|64|1.28e-12|1|1|555|1[1]:555[555]:555[555]
13610	1+564	0	4098	1	22775at4891|141323|+|279|2.43e-77|1|1|564|1[1]:564[564]:564[564]
13615	583-543	0	19762	-1	33646at4891|141643|-|271|6.221e-75|1|41|583|583[583]:41[41]:543[543]
13624	608-609	0	82	-1	14212at4891|142219|-|340|1.054e-95|1|0|608|608[608]:0[0]:609[609]
13625	563-564	0	8121	-1	31279at4891|142283|-|211|7.172e-57|1|0|563|563[563]:0[0]:564[564]
13634	647-648	0	15649	-1	19456at4891|142859|-|385|2.995e-109|1|0|647|647[647]:0[0]:648[648]
13635	2+660	0	15029	1	21145at4891|142923|+|288|4.746e-80|1|2|661|2[2]:661[661]:660[660]
13638	676-675	0	8561	-1	19731at4891|143115|-|381|4.792e-108|1|2|676|676[676]:2[2]:675[675]
13642	699-699	0	1399	-1	15914at4891|143371|-|273|1.555e-75|1|1|699|699[699]:1[1]:699[699]
13649	146+606	0	9776	1	15470at4891|143819|+|305|3.621e-85|1|146|751|146[146]:751[751]:606[606]
13652	4+774	0	11877	1	25170at4891|144011|+|282|3.037e-78|1|4|777|4[4]:777[777]:774[774]
13658	0+831	0	10253	1	6637at4891|144395|+|493|9.23e-142|1|0|830|0[0]:830[830]:831[831]
13673	790-396	0	6841	-1	31712at4891|145355|-|44|1.342e-06|1|395|790|790[790]:395[395]:396[396]
13675	1052-1053	0	14853	-1	11198at4891|145483|-|344|6.586e-97|1|0|1052|1052[1052]:0[0]:1053[1053]
13677	721+372	0	7472	1	30948at4891|145611|+|78|7.81e-17|1|721|1092|721[721]:1092[1092]:372[372]
13679	835-804	0	5325	-1	18913at4891|145739|-|120|1.776e-29|1|32|835|835[835]:32[32]:804[804]
13681	1012-1011	0	4636	-1	16461at4891|145867|-|320|1.105e-89|1|2|1012|1012[1012]:2[2]:1011[1011]
15847	455-450	0	12419	-1	18893at4891|138573|-|110|1.818e-26|1|6|455|455[455]:6[6]:450[450]
15853	2+468	0	17531	1	16576at4891|138957|+|212|3.586e-57|1|2|469|2[2]:469[469]:468[468]
15893	576-528	0	3922	-1	12664at4891|141517|-|195|4.7e-52|1|49|576|576[576]:49[49]:528[528]
15895	490-489	0	2284	-1	29475at4891|141645|-|301|5.793e-84|1|2|490|490[490]:2[2]:489[489]
15910	641-642	0	17692	-1	26056at4891|142605|-|303|1.448e-84|1|0|641|641[641]:0[0]:642[642]
15939	831-822	0	5976	-1	19275at4891|144461|-|128|6.936e-32|1|10|831|831[831]:10[10]:822[822]
15941	864-837	0	14879	-1	12469at4891|144589|-|211|7.172e-57|1|28|864|864[864]:28[28]:837[837]
15944	11+801	0	4332	1	36374at4891|144781|+|291|5.933e-81|1|11|811|11[11]:811[811]:801[801]
15945	209+582	0	5969	1	18893at4891|144845|+|70|1.999e-14|1|209|790|209[209]:790[790]:582[582]
15951	537+495	0	12727	1	37340at4891|145229|+|128|6.936e-32|1|537|1031|537[537]:1031[1031]:495[495]
15958	0+1347	0	18664	1	8285at4891|145677|+|82|4.881e-18|1|0|1346|0[0]:1346[1346]:1347[1347]
15960	1+1605	0	4481	1	8205at4891|145805|+|126|2.775e-31|1|1|1605|1[1]:1605[1605]:1605[1605]
17854	157-156	0	12122	-1	40449at4891|121103|-|85|6.101e-19|1|2|157|157[157]:2[2]:156[156]
17886	1+204	0	1785	1	39072at4891|123151|+|130|1.734e-32|1|1|204|1[1]:204[204]:204[204]
17955	95+183	0	425	1	33753at4891|127567|+|79|3.905e-17|1|95|277|95[95]:277[277]:183[183]
18031	170+171	0	519	1	41799at4891|132431|+|104|1.164e-24|1|170|340|170[170]:340[340]:171[171]
18111	4+426	0	18318	1	25148at4891|137551|+|46|3.354e-07|1|4|429|4[4]:429[429]:426[426]
18128	79+387	0	10649	1	28379at4891|138639|+|207|1.148e-55|1|79|465|79[79]:465[465]:387[387]
18129	2+423	0	14523	1	28703at4891|138703|+|263|1.593e-72|1|2|424|2[2]:424[424]:423[423]
18184	427-360	0	20407	-1	33668at4891|142223|-|72|4.998e-15|1|68|427|427[427]:68[68]:360[360]
18191	50+594	0	3682	1	3593at4891|142671|+|327|8.633e-92|1|50|643|50[50]:643[643]:594[594]
18214	794-795	0	5309	-1	17975at4891|144143|-|262|3.185e-72|1|0|794|794[794]:0[0]:795[795]
18215	803-786	0	10371	-1	12629at4891|144207|-|428|3.405e-122|1|18|803|803[803]:18[18]:786[786]
18226	931-639	0	9570	-1	4853at4891|144911|-|147|1.323e-37|1|293|931|931[931]:293[293]:639[639]
18236	1211-744	0	2611	-1	11759at4891|145551|-|254|8.154e-70|1|468|1211|1211[1211]:468[468]:744[744]
18240	58+1440	0	15639	1	18882at4891|145807|+|248|5.218e-68|1|58|1497|58[58]:1497[1497]:1440[1440]
20033	32+168	0	5549	1	31657at4891|114641|+|80|1.952e-17|1|32|199|32[32]:199[199]:168[168]
20096	1+213	0	17284	1	42234at4891|118673|+|72|4.998e-15|1|1|213|1[1]:213[213]:213[213]
20123	1+207	0	18503	1	35656at4891|120401|+|115|5.682e-28|1|1|207|1[1]:207[207]:207[207]
20397	389-390	0	15615	-1	17426at4891|137937|-|269|2.488e-74|1|0|389|389[389]:0[0]:390[390]
20404	457-453	0	15249	-1	33356at4891|138385|-|131|8.67e-33|1|5|457|457[457]:5[5]:453[453]
20429	510-441	0	19681	-1	29021at4891|139985|-|224|8.755e-61|1|70|510|510[510]:70[70]:441[441]
20434	114+336	0	993	1	29455at4891|140305|+|74|1.25e-15|1|114|449|114[114]:449[449]:336[336]
20436	527-528	0	17148	-1	31408at4891|140433|-|252|3.261e-69|1|0|527|527[527]:0[0]:528[528]
20456	582-555	0	13648	-1	15588at4891|141713|-|78|7.81e-17|1|28|582|582[582]:28[28]:555[555]
20457	588-465	0	3684	-1	36167at4891|141777|-|147|1.323e-37|1|124|588|588[588]:124[124]:465[465]
20462	608-492	0	19665	-1	28186at4891|142097|-|266|1.991e-73|1|117|608|608[608]:117[117]:492[492]
20480	20+645	0	7308	1	21866at4891|143249|+|320|1.105e-89|1|20|664|20[20]:664[664]:645[645]
20481	507-456	0	16873	-1	15960at4891|143313|-|57|1.638e-10|1|52|507|507[507]:52[52]:456[456]
20484	713-480	0	16873	-1	15960at4891|143505|-|62|5.118e-12|1|234|713|713[713]:234[234]:480[480]
20498	829-732	0	85	-1	14377at4891|144401|-|451|4.059e-129|1|98|829|829[829]:98[98]:732[732]
20499	0+699	0	7893	1	18264at4891|144465|+|391|4.68e-111|1|0|698|0[0]:698[698]:699[699]
20505	2+762	0	10521	1	21312at4891|144849|+|241|6.679e-66|1|2|763|2[2]:763[763]:762[762]
20507	40+645	0	17417	1	10618at4891|144977|+|146|2.646e-37|1|40|684|40[40]:684[684]:645[645]
20519	864+561	0	4117	1	24073at4891|145745|+|67|1.599e-13|1|864|1424|864[864]:1424[1424]:561[561]
20521	1689-1689	0	19876	-1	4680at4891|145873|-|722|1.07e-210|1|1|1689|1689[1689]:1[1]:1689[1689]
22293	2+192	0	5549	1	31657at4891|113363|+|78|7.81e-17|1|2|193|2[2]:193[193]:192[192]
22512	266-210	0	18499	-1	35333at4891|127379|-|40|2.147e-05|1|57|266|266[266]:57[57]:210[210]
22625	374-282	0	1633	-1	29070at4891|134611|-|100|1.862e-23|1|93|374|374[374]:93[93]:282[282]
22675	441-435	0	16303	-1	20191at4891|137811|-|250|1.305e-68|1|7|441|441[441]:7[7]:435[435]
22676	133+309	0	16610	1	38727at4891|137875|+|95|5.958e-22|1|133|441|133[133]:441[441]:309[309]
22745	543-543	0	8539	-1	18378at4891|142291|-|319|2.21e-89|1|1|543|543[543]:1[1]:543[543]
22758	2+675	0	8605	1	22293at4891|143123|+|234|8.55e-64|1|2|676|2[2]:676[676]:675[675]
22768	744-735	0	11145	-1	20087at4891|143763|-|436|1.33e-124|1|10|744|744[744]:10[10]:735[735]
22775	731-732	0	8756	-1	30572at4891|144211|-|74|1.25e-15|1|0|731|731[731]:0[0]:732[732]
22780	781-663	0	75	-1	13866at4891|144531|-|66|3.199e-13|1|119|781|781[781]:119[119]:663[663]
22787	951-840	0	11107	-1	17607at4891|144979|-|111|9.092e-27|1|112|951|951[951]:112[112]:840[840]
22788	837-597	0	4826	-1	27431at4891|145043|-|40|2.147e-05|1|241|837|837[837]:241[241]:597[597]
22793	1098-1098	0	20532	-1	5370at4891|145363|-|627|4.238e-182|1|1|1098|1098[1098]:1[1]:1098[1098]
22795	90+663	0	18250	1	21160at4891|145491|+|102|4.655e-24|1|90|752|90[90]:752[752]:663[663]
22796	1217-1218	0	6286	-1	3798at4891|145555|-|652|1.263e-189|1|0|1217|1217[1217]:0[0]:1218[1218]
24674	62+162	0	1786	1	39132at4891|119829|+|99|3.724e-23|1|62|223|62[62]:223[223]:162[162]
24724	209-210	0	13990	-1	35216at4891|123029|-|77|1.562e-16|1|0|209|209[209]:0[0]:210[210]
24747	5+246	0	3694	1	37126at4891|124501|+|164|1.009e-42|1|5|250|5[5]:250[250]:246[246]
24945	28+399	0	12062	1	35670at4891|137173|+|92|4.767e-21|1|28|426|28[28]:426[426]:399[399]
24981	491-492	0	6593	-1	17728at4891|139477|-|99|3.724e-23|1|0|491|491[491]:0[0]:492[492]
24986	503-504	0	16595	-1	37581at4891|139797|-|130|1.734e-32|1|0|503|503[503]:0[0]:504[504]
25001	0+540	0	14207	1	11034at4891|140757|+|300|1.159e-83|1|0|539|0[0]:539[539]:540[540]
25024	616-552	0	4153	-1	25967at4891|142229|-|227|1.094e-61|1|65|616|616[616]:65[65]:552[552]
25031	645-645	0	16092	-1	8471at4891|142677|-|296|1.854e-82|1|1|645|645[645]:1[1]:645[645]
25040	125+564	0	14240	1	12680at4891|143253|+|302|2.897e-84|1|125|688|125[125]:688[688]:564[564]
25049	582-582	0	5944	-1	17410at4891|143829|-|218|5.603e-59|1|1|582|582[582]:1[1]:582[582]
25050	210+480	0	5535	1	30846at4891|143893|+|63|2.559e-12|1|210|689|210[210]:689[689]:480[480]
25054	4+792	0	2068	1	17074at4891|144149|+|282|3.037e-78|1|4|795|4[4]:795[795]:792[792]
25058	830-831	0	633	-1	9525at4891|144405|-|490|7.384e-141|1|0|830|830[830]:0[0]:831[831]
25068	966-555	0	5271	-1	16010at4891|145045|-|104|1.164e-24|1|412|966|966[966]:412[412]:555[555]
25071	1046-1047	0	9487	-1	3593at4891|145237|-|429|1.703e-122|1|0|1046|1046[1046]:0[0]:1047[1047]
25072	241+702	0	9808	1	17077at4891|145301|+|116|2.841e-28|1|241|942|241[241]:942[942]:702[702]
25073	995-996	0	4474	-1	7896at4891|145365|-|515|2.2e-148|1|0|995|995[995]:0[0]:996[996]
25074	154+975	0	18665	1	8330at4891|145429|+|127|1.387e-31|1|154|1128|154[154]:1128[1128]:975[975]
25076	1211-561	0	3292	-1	13503at4891|145557|-|82|4.881e-18|1|651|1211|1211[1211]:651[651]:561[561]
25077	916-801	0	3395	-1	19254at4891|145621|-|76|3.124e-16|1|116|916|916[916]:116[116]:801[801]
25081	1302+642	0	11760	1	18047at4891|145877|+|320|1.105e-89|1|1302|1943|1302[1302]:1943[1943]:642[642]
27001	1+240	0	1151	1	39975at4891|122839|+|124|1.11e-30|1|1|240|1[1]:240[240]:240[240]
27157	84+261	0	8868	1	38164at4891|132823|+|69|3.999e-14|1|84|344|84[84]:344[344]:261[261]
27176	364-363	0	10817	-1	39278at4891|134039|-|140|1.693e-35|1|2|364|364[364]:2[2]:363[363]
27246	31+429	0	1614	1	28105at4891|138519|+|179|3.08e-47|1|31|459|31[31]:459[459]:429[429]
27260	272-273	0	14604	-1	33343at4891|139415|-|151|8.269e-39|1|0|272|272[272]:0[0]:273[273]
27275	158+369	0	5390	1	22859at4891|140375|+|242|3.34e-66|1|158|526|158[158]:526[526]:369[369]
27278	532-417	0	20421	-1	34589at4891|140567|-|252|3.261e-69|1|116|532|532[532]:116[116]:417[417]
27292	27+543	0	7883	1	17728at4891|141463|+|86|3.051e-19|1|27|569|27[27]:569[569]:543[543]
27311	261+378	0	2400	1	36731at4891|142679|+|162|4.037e-42|1|261|638|261[261]:638[638]:378[378]
27320	670-669	0	10660	-1	28982at4891|143255|-|139|3.387e-35|1|2|670|670[670]:2[2]:669[669]
27327	740-708	0	2906	-1	28190at4891|143703|-|301|5.793e-84|1|33|740|740[740]:33[33]:708[708]
27334	796-795	0	4401	-1	4476at4891|144151|-|453|1.015e-129|1|2|796|796[796]:2[2]:795[795]
27336	808-555	0	10463	-1	17728at4891|144279|-|170|1.577e-44|1|254|808|808[808]:254[254]:555[555]
27350	14+834	0	13721	1	1979at4891|145175|+|190|1.504e-50|1|14|847|14[14]:847[847]:834[834]
27356	1119-1113	0	12323	-1	13634at4891|145559|-|244|8.349e-67|1|7|1119|1119[1119]:7[7]:1113[1113]
27357	1249-972	0	18110	-1	13112at4891|145623|-|337|8.431e-95|1|278|1249|1249[1249]:278[278]:972[972]
27360	1420-1089	0	18080	-1	11625at4891|145815|-|91|9.533e-21|1|332|1420|1420[1420]:332[332]:1089[1089]
29149	196-189	0	19146	-1	35518at4891|114393|-|78|7.81e-17|1|8|196|196[196]:8[8]:189[189]
29196	1+210	0	17894	1	38461at4891|117401|+|108|7.273e-26|1|1|210|1[1]:210[210]:210[210]
29343	1+234	0	6114	1	27330at4891|126809|+|130|1.734e-32|1|1|234|1[1]:234[234]:234[234]
29355	0+267	0	424	1	33668at4891|127577|+|145|5.292e-37|1|0|266|0[0]:266[266]:267[267]
29422	315-312	0	17100	-1	28724at4891|131865|-|89|3.813e-20|1|4|315|315[315]:4[4]:312[312]
29431	2+336	0	5453	1	26458at4891|132441|+|205|4.59e-55|1|2|337|2[2]:337[337]:336[336]
29483	395-366	0	1672	-1	31320at4891|135769|-|196|2.35e-52|1|30|395|395[395]:30[30]:366[366]
29518	447-444	0	19053	-1	29886at4891|138009|-|155|5.168e-40|1|4|447|447[447]:4[4]:444[444]
29520	12+438	0	11129	1	18893at4891|138137|+|83|2.441e-18|1|12|449|12[12]:449[449]:438[438]
29530	77+393	0	11129	1	18893at4891|138777|+|48|8.385e-08|1|77|469|77[77]:469[469]:393[393]
29575	7+522	0	7260	1	18919at4891|141657|+|216|2.241e-58|1|7|528|7[7]:528[528]:522[522]
29586	2+621	0	7280	1	20242at4891|142361|+|355|3.216e-100|1|2|622|2[2]:622[622]:621[621]
29595	2+660	0	15691	1	21981at4891|142937|+|272|3.11e-75|1|2|661|2[2]:661[661]:660[660]
29596	664-579	0	14982	-1	18047at4891|143001|-|207|1.148e-55|1|86|664|664[664]:86[86]:579[579]
29598	1+615	0	13593	1	12560at4891|143129|+|88|7.627e-20|1|1|615|1[1]:615[615]:615[615]
29606	731-732	0	9157	-1	16797at4891|143641|-|379|1.917e-107|1|0|731|731[731]:0[0]:732[732]
29631	1005-990	0	19072	-1	30941at4891|145241|-|414|5.579e-118|1|16|1005|1005[1005]:16[16]:990[990]
31475	209-210	0	4365	-1	39072at4891|117339|-|111|9.092e-27|1|0|209|209[209]:0[0]:210[210]
31731	358-312	0	12971	-1	13765at4891|133723|-|165|5.047e-43|1|47|358|358[358]:47[47]:312[312]
31806	432-396	0	5457	-1	26633at4891|138523|-|55|6.551e-10|1|37|432|432[432]:37[37]:396[396]
31809	467-378	0	14603	-1	33306at4891|138715|-|199|2.938e-53|1|90|467|467[467]:90[90]:378[378]
31832	9+507	0	19728	1	31650at4891|140187|+|202|3.672e-54|1|9|515|9[9]:515[515]:507[507]
31839	371-366	0	11298	-1	28629at4891|140635|-|169|3.154e-44|1|6|371|371[371]:6[6]:366[366]
31869	0+639	0	16790	1	11530at4891|142555|+|289|2.373e-80|1|0|638|0[0]:638[638]:639[639]
31871	245+315	0	9403	1	30662at4891|142683|+|35|0.0006869|1|245|559|245[245]:559[559]:315[315]
31875	259+264	0	1753	1	36486at4891|142939|+|81|9.762e-18|1|259|522|259[259]:522[522]:264[264]
31889	655-642	0	12493	-1	23386at4891|143835|-|317|8.84e-89|1|14|655|655[655]:14[14]:642[642]
31891	767-738	0	15471	-1	9784at4891|143963|-|435|2.66e-124|1|30|767|767[767]:30[30]:738[738]
31909	797-570	0	2875	-1	26542at4891|145115|-|39|4.293e-05|1|228|797|797[797]:228[228]:570[570]
31911	983-975	0	18836	-1	17516at4891|145243|-|85|6.101e-19|1|9|983|983[983]:9[9]:975[975]
31916	2+1221	0	7014	1	5956at4891|145563|+|642|1.293e-186|1|2|1222|2[2]:1222[1222]:1221[1221]
33955	1+309	0	1070	1	33753at4891|130141|+|167|1.262e-43|1|1|309|1[1]:309[309]:309[309]
34022	0+276	0	20450	1	36879at4891|134429|+|159|3.23e-41|1|0|275|0[0]:275[275]:276[276]
34028	3+375	0	14505	1	27851at4891|134813|+|92|4.767e-21|1|3|377|3[3]:377[377]:375[375]
34030	55+306	0	1803	1	40497at4891|134941|+|112|4.546e-27|1|55|360|55[55]:360[360]:306[306]
34080	450-450	0	5444	-1	26018at4891|138141|-|224|8.755e-61|1|1|450|450[450]:1[1]:450[450]
34084	458-441	0	13880	-1	28724at4891|138397|-|134|1.084e-33|1|18|458|458[458]:18[18]:441[441]
34092	473-474	0	18175	-1	16576at4891|138909|-|241|6.679e-66|1|0|473|473[473]:0[0]:474[474]
34118	3+498	0	784	1	17406at4891|140573|+|249|2.609e-68|1|3|500|3[3]:500[500]:498[498]
34138	468-468	0	11235	-1	25281at4891|141853|-|277|9.72e-77|1|1|468|468[468]:1[1]:468[468]
34144	609-609	0	6496	-1	12422at4891|142237|-|291|5.933e-81|1|1|609|609[609]:1[1]:609[609]
34148	1+558	0	9413	1	31367at4891|142493|+|222|3.502e-60|1|1|558|1[1]:558[558]:558[558]
34152	649-645	0	13636	-1	14746at4891|142749|-|320|1.105e-89|1|5|649|649[649]:5[5]:645[645]
34158	678-678	0	19387	-1	12487at4891|143133|-|185|4.813e-49|1|1|678|678[678]:1[1]:678[678]
34161	696-687	0	10588	-1	25195at4891|143325|-|254|8.154e-70|1|10|696|696[696]:10[10]:687[687]
34162	566-546	0	12640	-1	31429at4891|143389|-|61|1.024e-11|1|21|566|566[566]:21[21]:546[546]
34163	4+612	0	2647	1	13503at4891|143453|+|341|5.269e-96|1|4|615|4[4]:615[615]:612[612]
34170	26+735	0	16149	1	11682at4891|143901|+|487|5.907e-140|1|26|760|26[26]:760[760]:735[735]
34174	793-792	0	5485	-1	28165at4891|144157|-|98|7.448e-23|1|2|793|793[793]:2[2]:792[792]
34180	4+774	0	778	1	17074at4891|144541|+|73|2.499e-15|1|4|777|4[4]:777[777]:774[774]
34183	888-888	0	9720	-1	12381at4891|144733|-|493|9.23e-142|1|1|888|888[888]:1[1]:888[888]
34184	1+714	0	16773	1	10618at4891|144797|+|124|1.11e-30|1|1|714|1[1]:714[714]:714[714]
34196	1003-969	0	9628	-1	7491at4891|145565|-|107|1.455e-25|1|35|1003|1003[1003]:35[35]:969[969]
34197	162+1116	0	15409	1	6624at4891|145629|+|664|3.084e-193|1|162|1277|162[162]:1277[1277]:1116[1116]
34200	862-822	0	12388	-1	17077at4891|145821|-|108|7.273e-26|1|41|862|862[862]:41[41]:822[822]
36071	2+198	0	3735	1	40331at4891|119647|+|102|4.655e-24|1|2|199|2[2]:199[199]:198[198]
36209	141+147	0	6322	1	41473at4891|128479|+|76|3.124e-16|1|141|287|141[141]:287[287]:147[147]
36252	7+288	0	6099	1	26506at4891|131231|+|78|7.81e-17|1|7|294|7[7]:294[294]:288[288]
36310	378-378	0	15882	-1	32845at4891|134943|-|127|1.387e-31|1|1|378|378[378]:1[1]:378[378]
36335	263-264	0	424	-1	33668at4891|136543|-|107|1.455e-25|1|0|263|263[263]:0[0]:264[264]
36342	403-402	0	17384	-1	8686at4891|136991|-|42|5.367e-06|1|2|403|403[403]:2[2]:402[402]
36417	193+204	0	3669	1	35062at4891|141791|+|46|3.354e-07|1|193|396|193[193]:396[396]:204[204]
36422	505-501	0	5270	-1	15962at4891|142111|-|253|1.631e-69|1|5|505|505[505]:5[5]:501[501]
36430	1+639	0	9275	1	23913at4891|142623|+|274|7.776e-76|1|1|639|1[1]:639[639]:639[639]
36435	663-663	0	764	-1	16352at4891|142943|-|431|4.256e-123|1|1|663|663[663]:1[1]:663[663]
36436	66+597	0	5969	1	18893at4891|143007|+|72|4.998e-15|1|66|662|66[66]:662[662]:597[597]
36442	182+522	0	20418	1	34416at4891|143391|+|227|1.094e-61|1|182|703|182[182]:703[703]:522[522]
36447	351+372	0	6180	1	30846at4891|143711|+|57|1.638e-10|1|351|722|351[351]:722[722]:372[372]
36454	390-264	0	6237	-1	34170at4891|144159|-|57|1.638e-10|1|127|390|390[390]:127[127]:264[264]
36459	847-846	0	9742	-1	13507at4891|144479|-|437|6.651e-125|1|2|847|847[847]:2[2]:846[846]
36461	51+816	0	5375	1	21977at4891|144607|+|417|6.974e-119|1|51|866|51[51]:866[866]:816[816]
36464	905-498	0	17022	-1	24692at4891|144799|-|245|4.175e-67|1|408|905|905[905]:408[408]:498[498]
36467	309-309	0	16491	-1	30597at4891|144991|-|153|2.067e-39|1|1|309|309[309]:1[1]:309[309]
36468	973-939	0	3891	-1	11161at4891|145055|-|236|2.137e-64|1|35|973|973[973]:35[35]:939[939]
36473	1095-795	0	720	-1	13866at4891|145375|-|98|7.448e-23|1|301|1095|1095[1095]:301[301]:795[795]
36474	811-798	0	2587	-1	10361at4891|145439|-|72|4.998e-15|1|14|811|811[811]:14[14]:798[798]
36476	1041-1038	0	14867	-1	11916at4891|145567|-|361|5.025e-102|1|4|1041|1041[1041]:4[4]:1038[1038]
36477	901-867	0	18213	-1	18807at4891|145631|-|86|3.051e-19|1|35|901|901[901]:35[35]:867[867]
36480	1671-594	0	17161	-1	32137at4891|145823|-|226|2.189e-61|1|1078|1671|1671[1671]:1078[1078]:594[594]
38486	287-243	0	12707	-1	35670at4891|128289|-|155|5.168e-40|1|45|287|287[287]:45[45]:243[243]
38493	290-246	0	17750	-1	29070at4891|128737|-|141|8.467e-36|1|45|290|290[290]:45[45]:246[246]
38575	356-342	0	5016	-1	39556at4891|133985|-|89|3.813e-20|1|15|356|356[356]:15[15]:342[342]
38600	392-393	0	19548	-1	21621at4891|135585|-|147|1.323e-37|1|0|392|392[392]:0[0]:393[393]
38604	2+267	0	14617	1	34026at4891|135841|+|145|5.292e-37|1|2|268|2[2]:268[268]:267[267]
38608	403-402	0	6167	-1	30090at4891|136097|-|161|8.075e-42|1|2|403|403[403]:2[2]:402[402]
38654	330-327	0	15712	-1	23345at4891|139041|-|113|2.273e-27|1|4|330|330[330]:4[4]:327[327]
38661	1+492	0	1039	1	31879at4891|139489|+|206|2.295e-55|1|1|492|1[1]:492[492]:492[492]
38706	299-288	0	17245	-1	38019at4891|142369|-|63|2.559e-12|1|12|299|299[299]:12[12]:288[288]
38709	289+351	0	3642	1	33349at4891|142561|+|180|1.54e-47|1|289|639|289[289]:639[639]:351[351]
38713	654-654	0	3366	-1	17516at4891|142817|-|370|9.815e-105|1|1|654|654[654]:1[1]:654[654]
38737	823-822	0	11621	-1	10649at4891|144353|-|198|5.875e-53|1|2|823|823[823]:2[2]:822[822]
38753	1108-1107	0	7412	-1	2784at4891|145377|-|727|3.343e-212|1|2|1108|1108[1108]:2[2]:1107[1107]
38756	146+1080	0	7125	1	11698at4891|145569|+|421|4.359e-120|1|146|1225|146[146]:1225[1225]:1080[1080]
38760	2+1521	0	7462	1	30423at4891|145825|+|326|1.727e-91|1|2|1522|2[2]:1522[1522]:1521[1521]
40658	230-195	0	7578	-1	38164at4891|121379|-|86|3.051e-19|1|36|230|230[230]:36[36]:195[195]
40700	15+234	0	7539	1	35062at4891|124067|+|155|5.168e-40|1|15|248|15[15]:248[248]:234[234]
40740	12+258	0	16530	1	33117at4891|126627|+|170|1.577e-44|1|12|269|12[12]:269[269]:258[258]
40802	313-309	0	5580	-1	33522at4891|130595|-|124|1.11e-30|1|5|313|313[313]:5[5]:309[309]
40859	0+369	0	13923	1	31102at4891|134243|+|216|2.241e-58|1|0|368|0[0]:368[368]:369[369]
40862	0+372	0	4208	1	28812at4891|134435|+|156|2.584e-40|1|0|371|0[0]:371[371]:372[372]
40938	2+483	0	19606	1	25148at4891|139299|+|75|6.248e-16|1|2|484|2[2]:484[484]:483[483]
40963	546-486	0	13186	-1	26145at4891|140899|-|289|2.373e-80|1|61|546|546[546]:61[61]:486[486]
40978	1+597	0	18968	1	25405at4891|141859|+|268|4.977e-74|1|1|597|1[1]:597[597]:597[597]
40995	1+660	0	10095	1	33542at4891|142947|+|244|8.349e-67|1|1|660|1[1]:660[660]:660[660]
41001	697-687	0	19400	-1	13197at4891|143331|-|380|9.585e-108|1|11|697|697[697]:11[11]:687[687]
41015	2+804	0	1252	1	8010at4891|144227|+|509|1.408e-146|1|2|805|2[2]:805[805]:804[804]
41016	754-750	0	15563	-1	14521at4891|144291|-|130|1.734e-32|1|5|754|754[754]:5[5]:750[750]
41021	867-867	0	7037	-1	7011at4891|144611|-|561|3.127e-162|1|1|867|867[867]:1[1]:867[867]
41024	893-846	0	2780	-1	21253at4891|144803|-|419|1.743e-119|1|48|893|893[893]:48[48]:846[846]
41035	1156-420	0	1638	-1	29455at4891|145507|-|44|1.342e-06|1|737|1156|1156[1156]:737[737]:420[420]
41036	1222-1221	0	16776	-1	10695at4891|145571|-|546|1.025e-157|1|2|1222|1222[1222]:2[2]:1221[1221]
41038	1340-1272	0	11675	-1	13407at4891|145699|-|246|2.087e-67|1|69|1340|1340[1340]:69[69]:1272[1272]
42943	2+228	0	10188	1	40500at4891|121701|+|93|2.383e-21|1|2|229|2[2]:229[229]:228[228]
43037	2+279	0	969	1	28105at4891|127717|+|188|6.016e-50|1|2|280|2[2]:280[280]:279[279]
43133	358-357	0	17127	-1	30222at4891|133861|-|171|7.886e-45|1|2|358|358[358]:2[2]:357[357]
43153	384-354	0	12669	-1	33224at4891|135141|-|224|8.755e-61|1|31|384|384[384]:31[31]:354[354]
43154	385-384	0	9966	-1	26409at4891|135205|-|207|1.148e-55|1|2|385|385[385]:2[2]:384[384]
43175	277-270	0	19102	-1	32845at4891|136549|-|98|7.448e-23|1|8|277|277[277]:8[8]:270[270]
43233	245-240	0	3726	-1	39556at4891|140261|-|88|7.627e-20|1|6|245|245[245]:6[6]:240[240]
43257	591-591	0	9672	-1	9903at4891|141797|-|286|1.898e-79|1|1|591|591[591]:1[1]:591[591]
43263	614-594	0	9839	-1	18893at4891|142181|-|44|1.342e-06|1|21|614|614[614]:21[21]:594[594]
43269	21+618	0	2883	1	26895at4891|142565|+|286|1.898e-79|1|21|638|21[21]:638[638]:618[618]
43277	2+609	0	14296	1	15897at4891|143077|+|413|1.116e-117|1|2|610|2[2]:610[610]:609[609]
43282	552-552	0	13543	-1	9950at4891|143397|-|324|6.906e-91|1|1|552|552[552]:1[1]:552[552]
43287	741-714	0	4844	-1	28359at4891|143717|-|78|7.81e-17|1|28|741|741[741]:28[28]:714[714]
43304	169+534	0	5523	1	30116at4891|144805|+|76|3.124e-16|1|169|702|169[169]:702[702]:534[534]
43308	937-798	0	5235	-1	13866at4891|145061|-|109|3.637e-26|1|140|937|937[937]:140[140]:798[798]
43313	1+1110	0	12817	1	5879at4891|145381|+|587|4.66e-170|1|1|1110|1[1]:1110[1110]:1110[1110]
43314	27+1116	0	1990	1	12814at4891|145445|+|655|1.579e-190|1|27|1142|27[27]:1142[1142]:1116[1116]
43317	1275-921	0	9853	-1	19854at4891|145637|-|365|3.141e-103|1|355|1275|1275[1275]:355[355]:921[921]
43320	1722-1551	0	19789	-1	3548at4891|145829|-|236|2.137e-64|1|172|1722|1722[1722]:172[172]:1551[1551]
43321	1765-1749	0	1095	-1	3548at4891|145893|-|281|6.075e-78|1|17|1765|1765[1765]:17[17]:1749[1749]
45106	194-144	0	12772	-1	41473at4891|114215|-|70|1.999e-14|1|51|194|194[194]:51[51]:144[144]
45234	0+237	0	13351	1	35656at4891|122407|+|168|6.309e-44|1|0|236|0[0]:236[236]:237[237]
45379	299-300	0	6763	-1	27533at4891|131687|-|108|7.273e-26|1|0|299|299[299]:0[0]:300[300]
45401	2+348	0	12684	1	34017at4891|133095|+|104|1.164e-24|1|2|349|2[2]:349[349]:348[348]
45423	372-348	0	18469	-1	33356at4891|134503|-|190|1.504e-50|1|25|372|372[372]:25[25]:348[348]
45484	457-447	0	13775	-1	23029at4891|138407|-|277|9.72e-77|1|11|457|457[457]:11[11]:447[447]
45491	1+309	0	10151	1	37625at4891|138855|+|167|1.262e-43|1|1|309|1[1]:309[309]:309[309]
45504	498-498	0	15058	-1	22615at4891|139687|-|248|5.218e-68|1|1|498|498[498]:1[1]:498[498]
45518	437-438	0	14198	-1	10638at4891|140583|-|226|2.189e-61|1|0|437|437[437]:0[0]:438[438]
45538	5+549	0	1118	1	37378at4891|141863|+|183|1.925e-48|1|5|553|5[5]:553[553]:549[549]
45540	1+603	0	5953	1	17901at4891|141991|+|272|3.11e-75|1|1|603|1[1]:603[603]:603[603]
45542	2+606	0	2162	1	22625at4891|142119|+|325|3.453e-91|1|2|607|2[2]:607[607]:606[606]
45551	619-618	0	6332	-1	4361at4891|142695|-|134|1.084e-33|1|2|619|619[619]:2[2]:618[618]
45557	4+663	0	103	1	154at4891|143079|+|147|1.323e-37|1|4|666|4[4]:666[666]:663[663]
45559	502+180	0	17916	1	40161at4891|143207|+|119|3.551e-29|1|502|681|502[502]:681[681]:180[180]
45571	471-471	0	12419	-1	18893at4891|143975|-|93|2.383e-21|1|1|471|471[471]:1[1]:471[471]
45576	618-618	0	11694	-1	14376at4891|144295|-|345|3.293e-97|1|1|618|618[618]:1[1]:618[618]
45577	824-825	0	19945	-1	7956at4891|144359|-|530|6.715e-153|1|0|824|824[824]:0[0]:825[825]
45599	2+273	0	3670	1	35139at4891|145767|+|158|6.46e-41|1|2|274|2[2]:274[274]:273[273]
47497	230-231	0	2427	-1	38792at4891|121321|-|129|3.468e-32|1|0|230|230[230]:0[0]:231[231]
47556	46+207	0	885	1	23560at4891|125097|+|45|6.708e-07|1|46|252|46[46]:252[252]:207[207]
47647	319-315	0	12572	-1	27851at4891|130921|-|169|3.154e-44|1|5|319|319[319]:5[5]:315[315]
47658	2+327	0	5454	1	26506at4891|131625|+|66|3.199e-13|1|2|328|2[2]:328[328]:327[327]
47667	0+336	0	8745	1	29978at4891|132201|+|180|1.54e-47|1|0|335|0[0]:335[335]:336[336]
47718	224-225	0	3047	-1	36882at4891|135465|-|141|8.467e-36|1|0|224|224[224]:0[0]:225[225]
47746	428-429	0	4280	-1	33075at4891|137257|-|241|6.679e-66|1|0|428|428[428]:0[0]:429[429]
47751	433-351	0	6785	-1	28690at4891|137577|-|233|1.71e-63|1|83|433|433[433]:83[83]:351[351]
47776	481-423	0	8538	-1	18264at4891|139177|-|66|3.199e-13|1|59|481|481[481]:59[59]:423[423]
47784	0+495	0	175	1	19641at4891|139689|+|168|6.309e-44|1|0|494|0[0]:494[494]:495[495]
47785	2+486	0	9538	1	40108at4891|139753|+|231|6.84e-63|1|2|487|2[2]:487[487]:486[486]
47792	39+480	0	17384	1	8686at4891|140201|+|71|9.996e-15|1|39|518|39[39]:518[518]:480[480]
47795	5+522	0	8132	1	31728at4891|140393|+|137|1.355e-34|1|5|526|5[5]:526[526]:522[522]
47808	499-498	0	3077	-1	39270at4891|141225|-|166|2.523e-43|1|2|499|499[499]:2[2]:498[498]
47813	26+552	0	4673	1	18616at4891|141545|+|228|5.472e-62|1|26|577|26[26]:577[577]:552[552]
47814	0+582	0	7955	1	21977at4891|141609|+|192|3.76e-51|1|0|581|0[0]:581[581]:582[582]
47821	608-579	0	5389	-1	22821at4891|142057|-|263|1.593e-72|1|30|608|608[608]:30[30]:579[579]
47833	9+642	0	103	1	154at4891|142825|+|137|1.355e-34|1|9|650|9[9]:650[650]:642[642]
47837	666-630	0	4810	-1	26555at4891|143081|-|219|2.802e-59|1|37|666|666[666]:37[37]:630[630]
47839	1+678	0	7692	1	7444at4891|143209|+|419|1.743e-119|1|1|678|1[1]:678[678]:678[678]
47848	84+651	0	8609	1	22405at4891|143785|+|186|2.407e-49|1|84|734|84[84]:734[734]:651[651]
47851	73+654	0	11743	1	17077at4891|143977|+|45|6.708e-07|1|73|726|73[73]:726[726]:654[654]
47859	847-822	0	16458	-1	28907at4891|144489|-|343|1.317e-96|1|26|847|847[847]:26[26]:822[822]
47866	238+687	0	13949	1	32761at4891|144937|+|120|1.776e-29|1|238|924|238[238]:924[924]:687[687]
47870	678-594	0	11794	-1	20206at4891|145193|-|36|0.0003435|1|85|678|678[678]:85[85]:594[594]
47871	78+975	0	18665	1	8330at4891|145257|+|131|8.67e-33|1|78|1052|78[78]:1052[1052]:975[975]
47877	847-840	0	11076	-1	16016at4891|145641|-|511|3.521e-147|1|8|847|847[847]:8[8]:840[840]
47879	1415-1416	0	10195	-1	4206at4891|145769|-|856|4.912e-251|1|0|1415|1415[1415]:0[0]:1416[1416]
49901	298-297	0	2919	-1	28920at4891|129259|-|198|5.875e-53|1|2|298|298[298]:2[2]:297[297]
49931	321-318	0	11297	-1	28544at4891|131179|-|111|9.092e-27|1|4|321|321[321]:4[4]:318[318]
49965	348-339	0	9849	-1	19532at4891|133355|-|57|1.638e-10|1|10|348|348[348]:10[10]:339[339]
49972	283-282	0	6854	-1	32582at4891|133803|-|171|7.886e-45|1|2|283|283[283]:2[2]:282[282]
49999	387-366	0	13343	-1	35036at4891|135531|-|108|7.273e-26|1|22|387|387[387]:22[22]:366[366]
50043	455-456	0	18316	-1	25078at4891|138347|-|262|3.185e-72|1|0|455|455[455]:0[0]:456[456]
50044	3+456	0	14454	1	25148at4891|138411|+|37|0.0001717|1|3|458|3[3]:458[458]:456[456]
50052	3+375	0	11928	1	27875at4891|138923|+|181|7.701e-48|1|3|377|3[3]:377[377]:375[375]
50056	8+474	0	264	1	25014at4891|139179|+|276|1.944e-76|1|8|481|8[8]:481[481]:474[474]
50062	457-456	0	16319	-1	21227at4891|139563|-|175|4.929e-46|1|2|457|457[457]:2[2]:456[456]
50073	2+519	0	14251	1	13320at4891|140267|+|247|1.044e-67|1|2|520|2[2]:520[520]:519[519]
50074	524-471	0	17840	-1	34291at4891|140331|-|252|3.261e-69|1|54|524|524[524]:54[54]:471[471]
50087	108+453	0	14474	1	26145at4891|141163|+|165|5.047e-43|1|108|560|108[108]:560[560]:453[453]
50092	0+567	0	16783	1	11034at4891|141483|+|364|6.281e-103|1|0|566|0[0]:566[566]:567[567]
50094	581-582	0	10138	-1	364at4891|141611|-|317|8.84e-89|1|0|581|581[581]:0[0]:582[582]
50101	3+606	0	12117	1	40036at4891|142059|+|220|1.401e-59|1|3|608|3[3]:608[608]:606[606]
50106	98+525	0	7349	1	24461at4891|142379|+|261|6.37e-72|1|98|622|98[98]:622[622]:525[525]
50112	1+651	0	20031	1	12487at4891|142763|+|346|1.647e-97|1|1|651|1[1]:651[651]:651[651]
50129	642-633	0	276	-1	25519at4891|143851|-|244|8.349e-67|1|10|642|642[642]:10[10]:633[633]
50132	2+780	0	15674	1	21160at4891|144043|+|313|1.414e-87|1|2|781|2[2]:781[781]:780[780]
50134	792-660	0	18990	-1	26542at4891|144171|-|248|5.218e-68|1|133|792|792[792]:133[133]:660[660]
50145	922-921	0	5146	-1	9469at4891|144875|-|581|2.982e-168|1|2|922|922[922]:2[2]:921[921]
50150	1028-1029	0	2614	-1	11866at4891|145195|-|605|1.778e-175|1|0|1028|1028[1028]:0[0]:1029[1029]
50154	1147-1146	0	2525	-1	7127at4891|145451|-|292|2.966e-81|1|2|1147|1147[1147]:2[2]:1146[1146]
50156	415+804	0	11126	1	18806at4891|145579|+|85|6.101e-19|1|415|1218|415[415]:1218[1218]:804[804]
50157	728-609	0	7970	-1	22859at4891|145643|-|80|1.952e-17|1|120|728|728[728]:120[120]:609[609]
50158	2+1389	0	20618	1	9609at4891|145707|+|717|3.423e-209|1|2|1390|2[2]:1390[1390]:1389[1389]
52093	243-240	0	6280	-1	37570at4891|123629|-|60|2.047e-11|1|4|243|243[243]:4[4]:240[240]
52132	7+258	0	3010	1	34037at4891|126125|+|108|7.273e-26|1|7|264|7[7]:264[264]:258[258]
52134	266-267	0	12045	-1	34467at4891|126253|-|166|2.523e-43|1|0|266|266[266]:0[0]:267[267]
52166	5+279	0	5607	1	35318at4891|128301|+|162|4.037e-42|1|5|283|5[5]:283[283]:279[279]
52311	1+435	0	3340	1	16163at4891|137581|+|213|1.793e-57|1|1|435|1[1]:435[435]:435[435]
52317	320-309	0	8825	-1	34824at4891|137965|-|51|1.048e-08|1|12|320|320[320]:12[12]:309[309]
52350	511-507	0	14297	-1	15960at4891|140077|-|330|1.079e-92|1|5|511|511[511]:5[5]:507[507]
52360	184+354	0	3631	1	32812at4891|140717|+|214|8.965e-58|1|184|537|184[184]:537[537]:354[354]
52366	2+555	0	8531	1	17869at4891|141101|+|342|2.635e-96|1|2|556|2[2]:556[556]:555[555]
52367	5+531	0	10609	1	26316at4891|141165|+|273|1.555e-75|1|5|535|5[5]:535[535]:531[531]
52372	573-540	0	8881	-1	39178at4891|141485|-|248|5.218e-68|1|34|573|573[573]:34[34]:540[540]
52378	595-594	0	2854	-1	25443at4891|141869|-|335|3.372e-94|1|2|595|595[595]:2[2]:594[594]
52379	47+552	0	11024	1	1312at4891|141933|+|232|3.42e-63|1|47|598|47[47]:598[598]:552[552]
52386	611-456	0	14936	-1	15588at4891|142381|-|102|4.655e-24|1|156|611|611[611]:156[156]:456[456]
52397	673-435	0	8953	-1	6242at4891|143085|-|71|9.996e-15|1|239|673|673[673]:239[239]:435[435]
52400	685-654	0	10971	-1	10359at4891|143277|-|316|1.768e-88|1|32|685|685[685]:32[32]:654[654]
52404	0+720	0	1998	1	13293at4891|143533|+|217|1.121e-58|1|0|719|0[0]:719[719]:720[720]
52413	732-726	0	11108	-1	17728at4891|144109|-|86|3.051e-19|1|7|732|732[732]:7[7]:726[726]
52415	803-804	0	4471	-1	7600at4891|144237|-|243|1.67e-66|1|0|803|803[803]:0[0]:804[804]
52418	23+729	0	14076	1	4496at4891|144429|+|104|1.164e-24|1|23|751|23[23]:751[751]:729[729]
52419	24+516	0	4839	1	28105at4891|144493|+|95|5.958e-22|1|24|539|24[24]:539[539]:516[516]
52427	503-285	0	3717	-1	38792at4891|145005|-|53|2.62e-09|1|219|503|503[503]:219[219]:285[285]
52430	1027-1026	0	8384	-1	9995at4891|145197|-|486|1.181e-139|1|2|1027|1027[1027]:2[2]:1026[1026]
52437	784-594	0	5523	-1	30116at4891|145645|-|48|8.385e-08|1|191|784|784[784]:191[191]:594[594]
52441	87+2121	0	8871	1	3845at4891|145901|+|381|4.792e-108|1|87|2207|87[87]:2207[2207]:2121[2121]
54494	0+240	0	17270	1	39993at4891|131375|+|84|1.22e-18|1|0|239|0[0]:239[239]:240[240]
54509	274-228	0	1155	-1	40316at4891|132335|-|60|2.047e-11|1|47|274|274[274]:47[47]:228[228]
54521	148+135	0	8163	1	33647at4891|133103|+|57|1.638e-10|1|148|282|148[148]:282[282]:135[135]
54546	2+366	0	15940	1	36646at4891|134703|+|176|2.464e-46|1|2|367|2[2]:367[367]:366[366]
54548	9+219	0	17273	1	40316at4891|134831|+|40|2.147e-05|1|9|227|9[9]:227[227]:219[219]
54576	412-405	0	11129	-1	18893at4891|136623|-|86|3.051e-19|1|8|412|412[412]:8[8]:405[405]
54578	4+411	0	10683	1	30149at4891|136751|+|162|4.037e-42|1|4|414|4[4]:414[414]:411[411]
54582	69+354	0	9984	1	27330at4891|137007|+|237|1.069e-64|1|69|422|69[69]:422[422]:354[354]
54592	298-273	0	3669	-1	35062at4891|137647|-|79|3.905e-17|1|26|298|298[298]:26[26]:273[273]
54595	5+399	0	14936	1	15588at4891|137839|+|82|4.881e-18|1|5|403|5[5]:403[403]:399[399]
54599	449-357	0	19722	-1	31342at4891|138095|-|108|7.273e-26|1|93|449|449[449]:93[93]:357[357]
54617	3+480	0	15108	1	25563at4891|139247|+|269|2.488e-74|1|3|482|3[3]:482[482]:480[480]
54638	1+534	0	17668	1	24837at4891|140591|+|331|5.396e-93|1|1|534|1[1]:534[534]:534[534]
54640	39+351	0	17050	1	26145at4891|140719|+|93|2.383e-21|1|39|389|39[39]:389[389]:351[351]
54642	537-537	0	18805	-1	15960at4891|140847|-|51|1.048e-08|1|1|537|537[537]:1[1]:537[537]
54645	0+552	0	12199	1	7086at4891|141039|+|200|1.469e-53|1|0|551|0[0]:551[551]:552[552]
54647	65+411	0	2283	1	29455at4891|141167|+|58|8.189e-11|1|65|475|65[65]:475[475]:411[411]
54652	177+387	0	12908	1	10497at4891|141487|+|81|9.762e-18|1|177|563|177[177]:563[563]:387[387]
54673	654-558	0	18519	-1	36972at4891|142831|-|163|2.019e-42|1|97|654|654[654]:97[97]:558[558]
54684	662-663	0	12336	-1	14147at4891|143535|-|153|2.067e-39|1|0|662|662[662]:0[0]:663[663]
54686	690-603	0	17517	-1	15960at4891|143663|-|70|1.999e-14|1|88|690|690[690]:88[88]:603[603]
54692	63+720	0	16208	1	14552at4891|144047|+|445|2.598e-127|1|63|782|63[63]:782[782]:720[720]
54700	6+846	0	19443	1	15557at4891|144559|+|173|1.971e-45|1|6|851|6[6]:851[851]:846[846]
54704	906-906	0	19313	-1	8550at4891|144815|-|561|3.127e-162|1|1|906|906[906]:1[1]:906[906]
54716	484+705	0	14342	1	18416at4891|145583|+|55|6.551e-10|1|484|1188|484[484]:1188[1188]:705[705]
54717	2+1290	0	3724	1	3937at4891|145647|+|711|2.191e-207|1|2|1291|2[2]:1291[1291]:1290[1290]
54718	1285-1137	0	14779	-1	7218at4891|145711|-|69|3.999e-14|1|149|1285|1285[1285]:149[149]:1137[1137]
54721	0+765	0	16947	1	20191at4891|145903|+|115|5.682e-28|1|0|764|0[0]:764[764]:765[765]
56690	0+198	0	7539	1	35062at4891|126001|+|127|1.387e-31|1|0|197|0[0]:197[197]:198[198]
56766	317-255	0	15260	-1	33999at4891|130865|-|176|2.464e-46|1|63|317|317[317]:63[63]:255[255]
56801	21+330	0	969	1	28105at4891|133105|+|140|1.693e-35|1|21|350|21[21]:350[350]:330[330]
56865	409-216	0	17212	-1	35426at4891|137201|-|52|5.241e-09|1|194|409|409[409]:194[194]:216[216]
56881	452-345	0	1638	-1	29455at4891|138225|-|98|7.448e-23|1|108|452|452[452]:108[108]:345[345]
56912	2+516	0	3470	1	23912at4891|140209|+|306|1.81e-85|1|2|517|2[2]:517[517]:516[516]
56914	3+480	0	1003	1	29887at4891|140337|+|168|6.309e-44|1|3|482|3[3]:482[482]:480[480]
56930	36+528	0	9449	1	33444at4891|141361|+|220|1.401e-59|1|36|563|36[36]:563[563]:528[528]
56933	577-564	0	6332	-1	4361at4891|141553|-|107|1.455e-25|1|14|577|577[577]:14[14]:564[564]
56949	0+633	0	20016	1	11823at4891|142577|+|292|2.966e-81|1|0|632|0[0]:632[632]:633[633]
56965	727-627	0	18311	-1	24785at4891|143601|-|391|4.68e-111|1|101|727|727[727]:101[101]:627[627]
56975	768-768	0	5856	-1	12629at4891|144241|-|245|4.175e-67|1|1|768|768[768]:1[1]:768[768]
56979	1+837	0	7805	1	13407at4891|144497|+|218|5.603e-59|1|1|837|1[1]:837[837]:837[837]
56980	714-558	0	848	-1	21396at4891|144561|-|46|3.354e-07|1|157|714|714[714]:157[157]:558[558]
56982	2+882	0	11247	1	25943at4891|144689|+|177|1.232e-46|1|2|883|2[2]:883[883]:882[882]
56986	80+810	0	3194	1	8344at4891|144945|+|472|1.936e-135|1|80|889|80[80]:889[889]:810[810]
56991	822-768	0	13490	-1	7136at4891|145265|-|38|8.587e-05|1|55|822|822[822]:55[55]:768[768]
56992	1073-1074	0	1769	-1	3773at4891|145329|-|417|6.974e-119|1|0|1073|1073[1073]:0[0]:1074[1074]
56997	317+978	0	7738	1	9948at4891|145649|+|506|1.127e-145|1|317|1294|317[317]:1294[1294]:978[978]
57000	111+1425	0	9704	1	11626at4891|145841|+|330|1.079e-92|1|111|1535|111[111]:1535[1535]:1425[1425]
57001	1780-1674	0	1172	-1	4360at4891|145905|-|88|7.627e-20|1|107|1780|1780[1780]:107[107]:1674[1674]
58903	8+225	0	14611	1	33667at4891|121715|+|61|1.024e-11|1|8|232|8[8]:232[232]:225[225]
59091	6+354	0	6320	1	40939at4891|133747|+|169|3.154e-44|1|6|359|6[6]:359[359]:354[354]
59108	8+369	0	9849	1	19532at4891|134835|+|63|2.559e-12|1|8|376|8[8]:376[376]:369[369]
59131	403-402	0	11129	-1	18893at4891|136307|-|69|3.999e-14|1|2|403|403[403]:2[2]:402[402]
59135	2+411	0	17806	1	32213at4891|136563|+|192|3.76e-51|1|2|412|2[2]:412[412]:411[411]
59161	452-438	0	9421	-1	31712at4891|138227|-|214|8.965e-58|1|15|452|452[452]:15[15]:438[438]
59179	341-255	0	6308	-1	39726at4891|139379|-|152|4.134e-39|1|87|341|341[341]:87[87]:255[255]
59180	3+471	0	17352	1	7062at4891|139443|+|251|6.523e-69|1|3|473|3[3]:473[473]:471[471]
59181	0+492	0	12643	1	31637at4891|139507|+|260|1.274e-71|1|0|491|0[0]:491[491]:492[492]
59185	0+456	0	11860	1	24207at4891|139763|+|204|9.18e-55|1|0|455|0[0]:455[455]:456[456]
59212	568-516	0	782	-1	17265at4891|141491|-|38|8.587e-05|1|53|568|568[568]:53[53]:516[516]
59216	0+591	0	3915	1	12349at4891|141747|+|321|5.525e-90|1|0|590|0[0]:590[590]:591[591]
59219	31+546	0	14498	1	27389at4891|141939|+|260|1.274e-71|1|31|576|31[31]:576[576]:546[546]
59220	0+606	0	12940	1	12232at4891|142003|+|370|9.815e-105|1|0|605|0[0]:605[605]:606[606]
59224	19+597	0	2219	1	26005at4891|142259|+|158|6.46e-41|1|19|615|19[19]:615[615]:597[597]
59234	642-636	0	12398	-1	17728at4891|142899|-|170|1.577e-44|1|7|642|642[642]:7[7]:636[636]
59236	172+480	0	13721	1	1979at4891|143027|+|218|5.603e-59|1|172|651|172[172]:651[651]:480[480]
59242	80+411	0	14566	1	31017at4891|143411|+|158|6.46e-41|1|80|490|80[80]:490[490]:411[411]
59248	747-681	0	9852	-1	1979at4891|143795|-|135|5.419e-34|1|67|747|747[747]:67[67]:681[681]
59256	798-798	0	6885	-1	34449at4891|144307|-|168|6.309e-44|1|1|798|798[798]:1[1]:798[798]
59264	875-840	0	4023	-1	18221at4891|144819|-|409|1.785e-116|1|36|875|875[875]:36[36]:840[840]
59266	189+759	0	8518	1	17077at4891|144947|+|50|2.096e-08|1|189|947|189[189]:947[947]:759[759]
59269	1008-1008	0	14815	-1	9175at4891|145139|-|601|2.844e-174|1|1|1008|1008[1008]:1[1]:1008[1008]
59272	1025-1014	0	17	-1	10896at4891|145331|-|373|1.227e-105|1|12|1025|1025[1025]:12[12]:1014[1014]
59277	1286-1029	0	8958	-1	6437at4891|145651|-|49|4.193e-08|1|258|1286|1286[1286]:258[258]:1029[1029]
59281	260+621	0	16061	1	6943at4891|145907|+|38|8.587e-05|1|260|880|260[260]:880[880]:621[621]
61315	34+276	0	17857	1	35478at4891|130165|+|53|2.62e-09|1|34|309|34[34]:309[309]:276[276]
61382	340-339	0	11928	-1	27875at4891|134453|-|159|3.23e-41|1|2|340|340[340]:2[2]:339[339]
61403	1+396	0	11844	1	23226at4891|135797|+|265|3.981e-73|1|1|396|1[1]:396[396]:396[396]
61417	1+414	0	7522	1	33952at4891|136693|+|145|5.292e-37|1|1|414|1[1]:414[414]:414[414]
61442	147+309	0	18942	1	24034at4891|138293|+|145|5.292e-37|1|147|455|147[147]:455[455]:309[309]
61458	1+486	0	12476	1	22313at4891|139317|+|295|3.708e-82|1|1|486|1[1]:486[486]:486[486]
61460	19+465	0	10724	1	32582at4891|139445|+|186|2.407e-49|1|19|483|19[19]:483[483]:465[465]
61479	532-531	0	20305	-1	27998at4891|140661|-|266|1.991e-73|1|2|532|532[532]:2[2]:531[531]
61496	590-591	0	310	-1	27342at4891|141749|-|261|6.37e-72|1|0|590|590[590]:0[0]:591[591]
61508	604-339	0	8034	-1	26506at4891|142517|-|35|0.0006869|1|266|604|604[604]:266[266]:339[339]
61519	59+621	0	6464	1	10759at4891|143221|+|186|2.407e-49|1|59|679|59[59]:679[679]:621[621]
61525	728-729	0	11151	-1	20323at4891|143605|-|333|1.349e-93|1|0|728|728[728]:0[0]:729[729]
61533	2+753	0	16796	1	11823at4891|144117|+|282|3.037e-78|1|2|754|2[2]:754[754]:753[753]
61543	659-660	0	1963	-1	11586at4891|144757|-|158|6.46e-41|1|0|659|659[659]:0[0]:660[660]
61546	946-882	0	6692	-1	23739at4891|144949|-|63|2.559e-12|1|65|946|946[946]:65[65]:882[882]
61550	1030-1029	0	8373	-1	9553at4891|145205|-|603|7.11e-175|1|2|1030|1030[1030]:2[2]:1029[1029]
61559	300+1245	0	15579	1	15516at4891|145781|+|88|7.627e-20|1|300|1544|300[300]:1544[1544]:1245[1245]
63411	1+198	0	20476	1	38821at4891|118391|+|123|2.22e-30|1|1|198|1[1]:198[198]:198[198]
63552	6+273	0	387	1	31564at4891|127415|+|48|8.385e-08|1|6|278|6[6]:278[278]:273[273]
63556	1+279	0	10694	1	30691at4891|127671|+|155|5.168e-40|1|1|279|1[1]:279[279]:279[279]
63631	341-342	0	14936	-1	15588at4891|132471|-|59|4.094e-11|1|0|341|341[341]:0[0]:342[342]
63656	364-351	0	10004	-1	28379at4891|134071|-|227|1.094e-61|1|14|364|364[364]:14[14]:351[351]
63695	0+408	0	18345	1	26500at4891|136567|+|207|1.148e-55|1|0|407|0[0]:407[407]:408[408]
63720	105+348	0	1081	1	34470at4891|138167|+|174|9.857e-46|1|105|452|105[105]:452[452]:348[348]
63729	469-468	0	10671	-1	29555at4891|138743|-|245|4.175e-67|1|2|469|469[469]:2[2]:468[468]
63750	512-513	0	18384	-1	28548at4891|140087|-|288|4.746e-80|1|0|512|512[512]:0[0]:513[513]
63751	458-345	0	8034	-1	26506at4891|140151|-|74|1.25e-15|1|114|458|458[458]:114[114]:345[345]
63754	0+504	0	1074	1	34011at4891|140343|+|248|5.218e-68|1|0|503|0[0]:503[503]:504[504]
63763	50+498	0	15858	1	31342at4891|140919|+|148|6.615e-38|1|50|547|50[50]:547[547]:498[498]
63774	9+573	0	16274	1	18416at4891|141623|+|42|5.367e-06|1|9|581|9[9]:581[581]:573[573]
63782	607-606	0	20409	-1	33842at4891|142135|-|124|1.11e-30|1|2|607|607[607]:2[2]:606[606]
63793	31+591	0	162	1	18807at4891|142839|+|90|1.907e-20|1|31|621|31[31]:621[621]:591[591]
63801	469-465	0	12419	-1	18893at4891|143351|-|99|3.724e-23|1|5|469|469[469]:5[5]:465[465]
63809	111+546	0	20210	1	22625at4891|143863|+|79|3.905e-17|1|111|656|111[111]:656[656]:546[546]
63815	802-801	0	16177	-1	13029at4891|144247|-|109|3.637e-26|1|2|802|802[802]:2[2]:801[801]
63825	813-528	0	17681	-1	25443at4891|144887|-|62|5.118e-12|1|286|813|813[813]:286[286]:528[528]
63827	938-471	0	5998	-1	20755at4891|145015|-|37|0.0001717|1|468|938|938[938]:468[468]:471[471]
63828	983-981	0	10207	-1	4496at4891|145079|-|551|3.202e-159|1|3|983|983[983]:3[3]:981[981]
63840	851-618	0	1648	-1	29887at4891|145847|-|57|1.638e-10|1|234|851|851[851]:234[234]:618[618]
63841	1325+891	0	15064	1	23089at4891|145911|+|176|2.464e-46|1|1325|2215|1325[1325]:2215[2215]:891[891]
65999	16+429	0	13721	1	1979at4891|138105|+|93|2.383e-21|1|16|444|16[16]:444[444]:429[429]
66016	1+429	0	15231	1	32228at4891|139193|+|237|1.069e-64|1|1|429|1[1]:429[429]:429[429]
66034	1+525	0	19694	1	29729at4891|140345|+|213|1.793e-57|1|1|525|1[1]:525[525]:525[525]
66043	2+477	0	8580	1	20921at4891|140921|+|92|4.767e-21|1|2|478|2[2]:478[478]:477[477]
66052	575-432	0	15728	-1	24318at4891|141497|-|97|1.49e-22|1|144|575|575[575]:144[144]:432[432]
66057	592-573	0	4730	-1	21977at4891|141817|-|197|1.175e-52|1|20|592|592[592]:20[20]:573[573]
66068	636-636	0	6491	-1	12254at4891|142521|-|422|2.179e-120|1|1|636|636[636]:1[1]:636[636]
66076	187+483	0	13721	1	1979at4891|143033|+|107|1.455e-25|1|187|669|187[187]:669[669]:483[483]
66077	11+642	0	198	1	21150at4891|143097|+|76|3.124e-16|1|11|652|11[11]:652[652]:642[642]
66078	4+636	0	6118	1	27533at4891|143161|+|57|1.638e-10|1|4|639|4[4]:639[639]:636[636]
66086	1+735	0	20404	1	33557at4891|143673|+|281|6.075e-78|1|1|735|1[1]:735[735]:735[735]
66096	771-636	0	8518	-1	17077at4891|144313|-|35|0.0006869|1|136|771|771[771]:136[136]:636[636]
66099	847-702	0	742	-1	15011at4891|144505|-|286|1.898e-79|1|146|847|847[847]:146[146]:702[702]
66112	1083-1038	0	15154	-1	28037at4891|145337|-|211|7.172e-57|1|46|1083|1083[1083]:46[46]:1038[1038]
66115	237-237	0	13391	-1	38787at4891|145529|-|122|4.439e-30|1|1|237|237[237]:1[1]:237[237]
66121	1995-1851	0	18019	-1	8231at4891|145913|-|224|8.755e-61|1|145|1995|1995[1995]:145[145]:1851[1851]
67920	1+201	0	4365	1	39072at4891|115131|+|63|2.559e-12|1|1|201|1[1]:201[201]:201[201]
68109	273-222	0	6862	-1	33122at4891|127227|-|71|9.996e-15|1|52|273|273[273]:52[52]:222[222]
68125	284-243	0	13287	-1	31628at4891|128251|-|124|1.11e-30|1|42|284|284[284]:42[42]:243[243]
68208	356-288	0	8157	-1	33351at4891|133563|-|162|4.037e-42|1|69|356|356[356]:69[69]:288[288]
68261	375-375	0	20485	-1	39598at4891|136955|-|128|6.936e-32|1|1|375|375[375]:1[1]:375[375]
68272	92+237	0	5653	1	38822at4891|137659|+|39|4.293e-05|1|92|328|92[92]:328[328]:237[237]
68275	333-333	0	12039	-1	34017at4891|137851|-|104|1.164e-24|1|1|333|333[333]:1[1]:333[333]
68296	326-291	0	15831	-1	29735at4891|139195|-|42|5.367e-06|1|36|326|326[326]:36[36]:291[291]
68326	237+303	0	2394	1	36167at4891|141115|+|103|2.327e-24|1|237|539|237[237]:539[539]:303[303]
68335	542-531	0	1061	-1	33312at4891|141691|-|289|2.373e-80|1|12|542|542[542]:12[12]:531[531]
68336	252+333	0	14936	1	15588at4891|141755|+|75|6.248e-16|1|252|584|252[252]:584[584]:333[333]
68350	554-555	0	18940	-1	23884at4891|142651|-|274|7.776e-76|1|0|554|554[554]:0[0]:555[555]
68359	67+570	0	3945	1	13866at4891|143227|+|81|9.762e-18|1|67|636|67[67]:636[636]:570[570]
68360	0+693	0	18509	1	36033at4891|143291|+|263|1.593e-72|1|0|692|0[0]:692[692]:693[693]
68372	16+759	0	15563	1	14521at4891|144059|+|108|7.273e-26|1|16|774|16[16]:774[774]:759[759]
68373	220+573	0	20280	1	26624at4891|144123|+|239|2.672e-65|1|220|792|220[220]:792[792]:573[573]
68377	828-828	0	2488	-1	5530at4891|144379|-|485|2.363e-139|1|1|828|828[828]:1[1]:828[828]
68379	580-579	0	20499	-1	41002at4891|144507|-|48|8.385e-08|1|2|580|580[580]:2[2]:579[579]
68380	854-855	0	19429	-1	14580at4891|144571|-|130|1.734e-32|1|0|854|854[854]:0[0]:855[855]
68386	101+561	0	17702	1	26542at4891|144955|+|49|4.193e-08|1|101|661|101[101]:661[661]:561[561]
68387	590-453	0	2032	-1	15011at4891|145019|-|148|6.615e-38|1|138|590|590[590]:138[138]:453[453]
68392	880-858	0	4764	-1	24124at4891|145339|-|100|1.862e-23|1|23|880|880[880]:23[23]:858[858]
68393	1083-1077	0	20148	-1	18913at4891|145403|-|185|4.813e-49|1|7|1083|1083[1083]:7[7]:1077[1077]
68394	1069-1005	0	18133	-1	14212at4891|145467|-|287|9.492e-80|1|65|1069|1069[1069]:65[65]:1005[1005]
68399	1+1569	0	2145	1	2167at4891|145787|+|850|3.144e-249|1|1|1569|1[1]:1569[1569]:1569[1569]
70347	208-207	0	6271	-1	36811at4891|124541|-|110|1.818e-26|1|2|208|208[208]:2[2]:207[207]
70460	0+330	0	333	1	28548at4891|131773|+|135|5.419e-34|1|0|329|0[0]:329[329]:330[330]
70544	2+423	0	13289	1	31659at4891|137149|+|192|3.76e-51|1|2|424|2[2]:424[424]:423[423]
70568	10+456	0	20309	1	28186at4891|138685|+|57|1.638e-10|1|10|465|10[10]:465[465]:456[456]
70586	409-375	0	20238	-1	24559at4891|139837|-|47|1.677e-07|1|35|409|409[409]:35[35]:375[375]
70590	513-513	0	11963	-1	29650at4891|140093|-|199|2.938e-53|1|1|513|513[513]:1[1]:513[513]
70592	517-516	0	15599	-1	16576at4891|140221|-|376|1.534e-106|1|2|517|517[517]:2[2]:516[516]
70595	528-489	0	9402	-1	30604at4891|140413|-|199|2.938e-53|1|40|528|528[528]:40[40]:489[489]
70599	41+465	0	8538	1	18264at4891|140669|+|40|2.147e-05|1|41|505|41[41]:505[505]:465[465]
70618	193+204	0	3669	1	35062at4891|141885|+|46|3.354e-07|1|193|396|193[193]:396[396]:204[204]
70625	624-612	0	15317	-1	38368at4891|142333|-|153|2.067e-39|1|13|624|624[624]:13[13]:612[612]
70639	686-687	0	2646	-1	13437at4891|143229|-|214|8.965e-58|1|0|686|686[686]:0[0]:687[687]
70649	189+561	0	19017	1	27998at4891|143869|+|45|6.708e-07|1|189|749|189[189]:749[749]:561[561]
70651	515-480	0	17047	-1	26005at4891|143997|-|93|2.383e-21|1|36|515|515[515]:36[36]:480[480]
70660	693-651	0	890	-1	23912at4891|144573|-|156|2.584e-40|1|43|693|693[693]:43[43]:651[651]
70668	986-987	0	10854	-1	4581at4891|145085|-|594|3.64e-172|1|0|986|986[986]:0[0]:987[987]
70670	5+927	0	19957	1	8550at4891|145213|+|205|4.59e-55|1|5|931|5[5]:931[931]:927[927]
70673	1044-1044	0	9009	-1	8978at4891|145405|-|595|1.82e-172|1|1|1044|1044[1044]:1[1]:1044[1044]
70674	1049-1050	0	5033	-1	4151at4891|145469|-|371|4.907e-105|1|0|1049|1049[1049]:0[0]:1050[1050]
70680	101+1737	0	3805	1	6711at4891|145853|+|381|4.792e-108|1|101|1837|101[101]:1837[1837]:1737[1737]
72665	1+273	0	13287	1	31628at4891|126975|+|154|1.034e-39|1|1|273|1[1]:273[273]:273[273]
72836	7+423	0	11129	1	18893at4891|137919|+|105|5.819e-25|1|7|429|7[7]:429[429]:423[423]
72840	452-384	0	16480	-1	29979at4891|138175|-|185|4.813e-49|1|69|452|452[452]:69[69]:384[384]
72887	491-492	0	9225	-1	20921at4891|141183|-|321|5.525e-90|1|0|491|491[491]:0[0]:492[492]
72903	581-552	0	17841	-1	34341at4891|142207|-|218|5.603e-59|1|30|581|581[581]:30[30]:552[552]
72917	184+492	0	287	1	26166at4891|143103|+|241|6.679e-66|1|184|675|184[184]:675[675]:492[492]
72927	741-675	0	2291	-1	29747at4891|143743|-|331|5.396e-93|1|67|741|741[741]:67[67]:675[675]
72933	792-756	0	13542	-1	9921at4891|144127|-|381|4.792e-108|1|37|792|792[792]:37[37]:756[756]
72945	142+711	0	10596	1	25527at4891|144895|+|39|4.293e-05|1|142|852|142[142]:852[852]:711[711]
72946	923-924	0	7051	-1	7600at4891|144959|-|494|4.615e-142|1|0|923|923[923]:0[0]:924[924]
72951	1+1062	0	12574	1	27915at4891|145279|+|370|9.815e-105|1|1|1062|1[1]:1062[1062]:1062[1062]
72953	1117-1113	0	6367	-1	5851at4891|145407|-|509|1.408e-146|1|5|1117|1117[1117]:5[5]:1113[1113]
72960	1+1863	0	7995	1	2456at4891|145855|+|452|2.03e-129|1|1|1863|1[1]:1863[1863]:1863[1863]
