2031	29+276	0	16630	1	33993at4891_2|129985|+|144|1.129e-36|1|29|304|29[29]:304[304]:276[276]
2038	119+156	0	8600	1	36316at4891_3|130433|+|39|4.579e-05|1|119|274|119[119]:274[274]:156[156]
2101	1+372	0	16520	1	28785at4891_9|134465|+|99|3.972e-23|1|1|372|1[1]:372[372]:372[372]
2111	304-303	0	15845	-1	31569at4891_5|135105|-|164|1.077e-42|1|2|304|304[304]:2[2]:303[303]
2129	22+291	0	11880	1	16921at4891_1|136257|+|44|1.431e-06|1|22|312|22[22]:312[312]:291[291]
2133	406-402	0	1736	-1	24114at4891_1|136513|-|198|6.266e-53|1|5|406|406[406]:5[5]:402[402]
2140	13+405	0	23033	1	24692at4891_7|136961|+|218|5.976e-59|1|13|417|13[13]:417[417]:405[405]
2151	23+357	0	14986	1	25808at4891_3|137665|+|78|8.329e-17|1|23|379|23[23]:379[379]:357[357]
2165	186+279	0	6991	1	29354at4891_5|138561|+|166|2.691e-43|1|186|464|186[186]:464[464]:279[279]
2185	2+504	0	18096	1	33887at4891_6|139841|+|217|1.195e-58|1|2|505|2[2]:505[505]:504[504]
2186	25+483	0	11983	1	22393at4891_8|139905|+|278|5.183e-77|1|25|507|25[25]:507[507]:483[483]
2196	510-510	0	7313	-1	8596at4891_4|140545|-|158|6.89e-41|1|1|510|510[510]:1[1]:510[510]
2200	19+525	0	4032	1	28396at4891_2|140801|+|312|3.017e-87|1|19|543|19[19]:543[543]:525[525]
2212	577-576	0	20896	-1	27724at4891_7|141569|-|256|2.174e-70|1|2|577|577[577]:2[2]:576[576]
2227	2+636	0	3789	1	16106at4891_7|142529|+|340|1.124e-95|1|2|637|2[2]:637[637]:636[636]
2230	381-342	0	6007	-1	16849at4891_5|142721|-|68|8.529e-14|1|40|381|381[381]:40[40]:342[342]
2232	655-585	0	2396	-1	20158at4891_7|142849|-|206|2.448e-55|1|71|655|655[655]:71[71]:585[585]
2233	2+552	0	14362	1	30714at4891_7|142913|+|212|3.825e-57|1|2|553|2[2]:553[553]:552[552]
2234	2+621	0	11146	1	16921at4891_0|142977|+|80|2.082e-17|1|2|622|2[2]:622[622]:621[621]
2238	12+675	0	6832	1	21752at4891_3|143233|+|425|2.905e-121|1|12|686|12[12]:686[686]:675[675]
2239	682-630	0	12659	-1	19275at4891_1|143297|-|127|1.48e-31|1|53|682|682[682]:53[53]:630[630]
2240	18+684	0	3208	1	24271at4891|143361|+|395|3.12e-112|1|18|701|18[18]:701[701]:684[684]
2241	206-207	0	18927	-1	39520at4891_1|143425|-|126|2.959e-31|1|0|206|206[206]:0[0]:207[207]
2250	148+627	0	3632	1	8065at4891_9|144001|+|175|5.257e-46|1|148|774|148[148]:774[774]:627[627]
2255	2+816	0	9424	1	4476at4891_5|144321|+|259|2.718e-71|1|2|817|2[2]:817[817]:816[816]
2260	872-843	0	5176	-1	12039at4891_1|144641|-|504|4.807e-145|1|30|872|872[872]:30[30]:843[843]
2263	0+912	0	22355	1	27209at4891_7|144833|+|450|8.659e-129|1|0|911|0[0]:911[911]:912[912]
2268	225+768	0	17952	1	27320at4891_0|145153|+|156|2.756e-40|1|225|992|225[225]:992[992]:768[768]
2278	1+1542	0	16675	1	36407at4891_2|145793|+|536|1.119e-154|1|1|1542|1[1]:1542[1542]:1542[1542]
4198	0+207	0	9264	1	32823at4891_6|122691|+|131|9.248e-33|1|0|206|0[0]:206[206]:207[207]
4213	2+243	0	21109	1	38279at4891_2|123651|+|152|4.41e-39|1|2|244|2[2]:244[244]:243[243]
4242	258-243	0	4706	-1	25565at4891_4|125507|-|113|2.424e-27|1|16|258|258[258]:16[16]:243[243]
4409	0+360	0	20740	1	19827at4891_5|136195|+|172|4.205e-45|1|0|359|0[0]:359[359]:360[360]
4418	1+306	0	21834	1	37696at4891_1|136771|+|186|2.567e-49|1|1|306|1[1]:306[306]:306[306]
4454	1+399	0	23317	1	38748at4891_9|139075|+|115|6.061e-28|1|1|399|1[1]:399[399]:399[399]
4458	2+342	0	15742	1	26792at4891_5|139331|+|104|1.241e-24|1|2|343|2[2]:343[343]:342[342]
4459	389-390	0	21008	-1	32853at4891_0|139395|-|186|2.567e-49|1|0|389|389[389]:0[0]:390[390]
4463	2+486	0	18660	1	26056at4891_4|139651|+|117|1.515e-28|1|2|487|2[2]:487[487]:486[486]
4474	524-522	0	20787	-1	22293at4891_2|140355|-|224|9.338e-61|1|3|524|524[524]:3[3]:522[522]
4489	0+567	0	20022	1	20735at4891|141315|+|194|1.003e-51|1|0|566|0[0]:566[566]:567[567]
4490	0+567	0	11953	1	21024at4891_5|141379|+|245|4.453e-67|1|0|566|0[0]:566[566]:567[567]
4493	578-579	0	10564	-1	25093at4891_4|141571|-|260|1.359e-71|1|0|578|578[578]:0[0]:579[579]
4496	591-591	0	16377	-1	21962at4891_2|141763|-|364|6.699e-103|1|1|591|591[591]:1[1]:591[591]
4497	2+594	0	8984	1	18994at4891_1|141827|+|353|1.372e-99|1|2|595|2[2]:595[595]:594[594]
4511	5+645	0	6626	1	11037at4891|142723|+|333|1.439e-93|1|5|649|5[5]:649[649]:645[645]
4524	716-717	0	18483	-1	16809at4891_2|143555|-|289|2.531e-80|1|0|716|716[716]:0[0]:717[717]
4526	48+690	0	7791	1	32508at4891_9|143683|+|381|5.111e-108|1|48|737|48[48]:737[737]:690[690]
4534	794-795	0	13195	-1	9294at4891_2|144195|-|377|8.178e-107|1|0|794|794[794]:0[0]:795[795]
4537	308-285	0	20384	-1	38811at4891_3|144387|-|109|3.879e-26|1|24|308|308[308]:24[24]:285[285]
4548	2+987	0	5041	1	5478at4891_0|145091|+|530|7.162e-153|1|2|988|2[2]:988[988]:987[987]
4549	835-834	0	22029	-1	10618at4891_9|145155|-|130|1.85e-32|1|2|835|835[835]:2[2]:834[834]
4550	1+639	0	79	1	13867at4891_8|145219|+|184|1.027e-48|1|1|639|1[1]:639[639]:639[639]
4551	47+1017	0	16832	1	7444at4891_6|145283|+|606|9.479e-176|1|47|1063|47[47]:1063[1063]:1017[1017]
4557	1197-270	0	23331	-1	39582at4891_6|145667|-|49|4.472e-08|1|928|1197|1197[1197]:928[928]:270[270]
4558	1210-1080	0	1895	-1	31374at4891_1|145731|-|241|7.124e-66|1|131|1210|1210[1210]:131[131]:1080[1080]
4559	1573-1134	0	20133	-1	26297at4891_1|145795|-|217|1.195e-58|1|440|1573|1573[1573]:440[440]:1134[1134]
4560	1888-1887	0	17105	-1	2166at4891_9|145859|-|1062|5.095e-313|1|2|1888|1888[1888]:2[2]:1887[1887]
6523	227-228	0	5661	-1	36113at4891_2|125509|-|140|1.806e-35|1|0|227|227[227]:0[0]:228[228]
6690	2+402	0	8602	1	36485at4891_1|136197|+|166|2.691e-43|1|2|403|2[2]:403[403]:402[402]
6704	366-366	0	5424	-1	24998at4891|137093|-|95|6.355e-22|1|1|366|366[366]:1[1]:366[366]
6718	1+441	0	10026	1	34037at4891_2|137989|+|173|2.103e-45|1|1|441|1[1]:441[441]:441[441]
6731	355-270	0	21047	-1	34687at4891_6|138821|-|43|2.862e-06|1|86|355|355[355]:86[86]:270[270]
6732	472-399	0	12922	-1	32172at4891_1|138885|-|213|1.912e-57|1|74|472|472[472]:74[74]:399[399]
6739	9+447	0	21491	1	20766at4891_0|139333|+|99|3.972e-23|1|9|455|9[9]:455[455]:447[447]
6741	22+429	0	15297	1	4496at4891_1|139461|+|113|2.424e-27|1|22|450|22[22]:450[450]:429[429]
6766	66+246	0	1284	1	37786at4891_4|141061|+|115|6.061e-28|1|66|311|66[66]:311[311]:246[246]
6769	1+546	0	3040	1	15179at4891_9|141253|+|323|1.473e-90|1|1|546|1[1]:546[546]:546[546]
6784	2+615	0	11985	1	22513at4891_6|142213|+|305|3.862e-85|1|2|616|2[2]:616[616]:615[615]
6790	1+516	0	17126	1	22807at4891|142597|+|325|3.683e-91|1|1|516|1[1]:516[516]:516[516]
6792	338-339	0	1250	-1	35750at4891_3|142725|-|205|4.896e-55|1|0|338|338[338]:0[0]:339[339]
6793	24+627	0	17709	1	14551at4891_7|142789|+|362|2.68e-102|1|24|650|24[24]:650[650]:627[627]
6794	1+648	0	10082	1	37194at4891_4|142853|+|98|7.944e-23|1|1|648|1[1]:648[648]:648[648]
6796	0+666	0	14702	1	11198at4891_8|142981|+|181|8.214e-48|1|0|665|0[0]:665[665]:666[666]
6798	667-666	0	14413	-1	33317at4891_2|143109|-|181|8.214e-48|1|2|667|667[667]:2[2]:666[666]
6803	706-705	0	10270	-1	9767at4891_9|143429|-|181|8.214e-48|1|2|706|706[706]:2[2]:705[705]
6807	1+708	0	8270	1	20202at4891_2|143685|+|357|8.575e-101|1|1|708|1[1]:708[708]:708[708]
6818	2+816	0	14075	1	16576at4891_0|144389|+|316|1.886e-88|1|2|817|2[2]:817[817]:816[816]
6826	479+447	0	1024	1	25148at4891_0|144901|+|56|3.494e-10|1|479|925|479[479]:925[925]:447[447]
6830	55+810	0	401	1	30033at4891_2|145157|+|364|6.699e-103|1|55|864|55[55]:864[864]:810[810]
6832	1062-1050	0	3612	-1	7062at4891_7|145285|-|661|2.631e-192|1|13|1062|1062[1062]:13[13]:1050[1050]
6834	1119-969	0	15292	-1	4361at4891_5|145413|-|455|2.706e-130|1|151|1119|1119[1119]:151[151]:969[969]
6837	597+627	0	19313	1	21962at4891_6|145605|+|63|2.729e-12|1|597|1223|597[597]:1223[1223]:627[627]
6838	651-615	0	13665	-1	32607at4891_4|145669|-|208|6.12e-56|1|37|651|651[651]:37[37]:615[615]
8645	2+201	0	7927	1	40078at4891_9|115399|+|95|6.355e-22|1|2|202|2[2]:202[202]:201[201]
8846	67+219	0	13017	1	37136at4891_9|128263|+|93|2.542e-21|1|67|285|67[67]:285[285]:219[219]
8886	1+318	0	9994	1	32546at4891_0|130823|+|210|1.53e-56|1|1|318|1[1]:318[318]:318[318]
8910	325-324	0	21834	-1	37696at4891_1|132359|-|199|3.133e-53|1|2|325|325[325]:2[2]:324[324]
8951	379-276	0	5639	-1	34922at4891_1|134983|-|181|8.214e-48|1|104|379|379[379]:104[104]:276[276]
8960	2+390	0	4821	1	30846at4891_4|135559|+|190|1.604e-50|1|2|391|2[2]:391[391]:390[390]
8970	103+303	0	18783	1	31657at4891_7|136199|+|214|9.562e-58|1|103|405|103[103]:405[405]:303[303]
9013	475-474	0	14127	-1	19275at4891_3|138951|-|258|5.435e-71|1|2|475|475[475]:2[2]:474[474]
9028	507-453	0	5312	-1	18893at4891_9|139911|-|84|1.301e-18|1|55|507|507[507]:55[55]:453[453]
9033	4+405	0	4115	1	32220at4891|140231|+|252|3.479e-69|1|4|408|4[4]:408[408]:405[405]
9046	9+546	0	4578	1	18893at4891_8|141063|+|111|9.697e-27|1|9|554|9[9]:554[554]:546[546]
9047	459-375	0	1594	-1	16399at4891_8|141127|-|68|8.529e-14|1|85|459|459[459]:85[85]:375[375]
9058	560-561	0	14258	-1	26130at4891_7|141831|-|153|2.205e-39|1|0|560|560[560]:0[0]:561[561]
9060	80+522	0	12868	1	29601at4891_8|141959|+|184|1.027e-48|1|80|601|80[80]:601[601]:522[522]
9092	2+684	0	8181	1	15475at4891_2|144007|+|316|1.886e-88|1|2|685|2[2]:685[685]:684[684]
9096	708-633	0	11205	-1	20191at4891_7|144263|-|60|2.184e-11|1|76|708|708[708]:76[76]:633[633]
9097	819-819	0	19068	-1	9420at4891_9|144327|-|236|2.28e-64|1|1|819|819[819]:1[1]:819[819]
9100	0+426	0	21676	1	29630at4891_9|144519|+|193|2.005e-51|1|0|425|0[0]:425[425]:426[426]
9101	288+576	0	3261	1	26634at4891_1|144583|+|178|6.571e-47|1|288|863|288[288]:863[863]:576[576]
9105	7+636	0	11198	1	1979at4891_3|144839|+|140|1.806e-35|1|7|642|7[7]:642[642]:636[636]
9109	910-855	0	6891	-1	24928at4891_2|145095|-|450|8.659e-129|1|56|910|910[910]:56[56]:855[855]
9111	337-333	0	6109	-1	22335at4891_2|145223|-|141|9.031e-36|1|5|337|337[337]:5[5]:333[333]
9112	1064-1065	0	5763	-1	4850at4891_2|145287|-|629|1.13e-182|1|0|1064|1064[1064]:0[0]:1065[1065]
9113	1+690	0	10037	1	34600at4891_2|145351|+|177|1.314e-46|1|1|690|1[1]:690[690]:690[690]
9115	1054-762	0	12749	-1	24249at4891_2|145479|-|325|3.683e-91|1|293|1054|1054[1054]:293[293]:762[762]
9116	202+834	0	5288	1	17712at4891_0|145543|+|113|2.424e-27|1|202|1035|202[202]:1035[1035]:834[834]
9117	1249-1233	0	21912	-1	4952at4891_1|145607|-|799|7.551e-234|1|17|1249|1249[1249]:17[17]:1233[1233]
9119	1261-549	0	15564	-1	17728at4891_3|145735|-|68|8.529e-14|1|713|1261|1261[1261]:713[713]:549[549]
11073	0+210	0	2032	1	38710at4891_2|124873|+|116|3.03e-28|1|0|209|0[0]:209[209]:210[210]
11229	345-330	0	2041	-1	39248at4891_4|134857|-|172|4.205e-45|1|16|345|345[345]:16[16]:330[330]
11256	411-411	0	6324	-1	32545at4891_6|136585|-|205|4.896e-55|1|1|411|411[411]:1[1]:411[411]
11277	9+435	0	3844	1	18893at4891_7|137929|+|81|1.041e-17|1|9|443|9[9]:443[443]:435[435]
11293	475-471	0	7557	-1	21465at4891_2|138953|-|294|7.909e-82|1|5|475|475[475]:5[5]:471[471]
11315	20+504	0	290	1	25148at4891|140361|+|254|8.696e-70|1|20|523|20[20]:523[523]:504[504]
11324	507-246	0	21841	-1	38146at4891_5|140937|-|151|8.819e-39|1|262|507|507[507]:262[262]:246[246]
11343	609-555	0	10495	-1	21543at4891_4|142153|-|243|1.781e-66|1|55|609|609[609]:55[55]:555[555]
11345	0+357	0	21099	1	37668at4891_1|142281|+|148|7.055e-38|1|0|356|0[0]:356[356]:357[357]
11349	2+621	0	6645	1	12111at4891_2|142537|+|366|1.675e-103|1|2|622|2[2]:622[622]:621[621]
11353	587-552	0	21472	-1	19731at4891_8|142793|-|183|2.053e-48|1|36|587|587[587]:36[36]:552[552]
11360	686-687	0	3749	-1	13869at4891_2|143241|-|356|1.715e-100|1|0|686|686[686]:0[0]:687[687]
11361	7+627	0	1519	1	12549at4891_5|143305|+|230|1.459e-62|1|7|633|7[7]:633[633]:627[627]
11362	0+699	0	7335	1	9816at4891_4|143369|+|408|3.808e-116|1|0|698|0[0]:698[698]:699[699]
11374	68+726	0	5851	1	8998at4891_7|144137|+|412|2.38e-117|1|68|793|68[68]:793[793]:726[726]
11375	801-795	0	15770	-1	28186at4891_0|144201|-|87|1.627e-19|1|7|801|801[801]:7[7]:795[795]
11378	0+831	0	5980	1	15496at4891_9|144393|+|235|4.559e-64|1|0|830|0[0]:830[830]:831[831]
11383	163+672	0	5596	1	32892at4891|144713|+|281|6.479e-78|1|163|834|163[163]:834[834]:672[672]
11386	1+930	0	718	1	9322at4891_6|144905|+|518|2.934e-149|1|1|930|1[1]:930[930]:930[930]
11390	899-735	0	6083	-1	21160at4891_6|145161|-|39|4.579e-05|1|165|899|899[899]:165[165]:735[735]
11391	133+903	0	1631	1	18405at4891_4|145225|+|494|4.922e-142|1|133|1035|133[133]:1035[1035]:903[903]
11395	2+1119	0	557	1	3824at4891_7|145481|+|462|2.114e-132|1|2|1120|2[2]:1120[1120]:1119[1119]
11398	975-975	0	16033	-1	4581at4891_0|145673|-|156|2.756e-40|1|1|975|975[975]:1[1]:975[975]
11400	1551-1551	0	18248	-1	5280at4891_1|145801|-|856|5.239e-251|1|1|1551|1551[1551]:1[1]:1551[1551]
11401	455+1458	0	3601	1	6633at4891_7|145865|+|649|1.078e-188|1|455|1912|455[455]:1912[1912]:1458[1458]
13254	10+195	0	16581	1	31657at4891_4|118539|+|73|2.665e-15|1|10|204|10[10]:204[204]:195[195]
13373	261-252	0	6250	-1	29070at4891_0|126155|-|48|8.944e-08|1|10|261|261[261]:10[10]:252[252]
13383	51+222	0	8615	1	37266at4891_1|126795|+|157|1.378e-40|1|51|272|51[51]:272[272]:222[222]
13429	302-279	0	13640	-1	31406at4891_5|129739|-|135|5.78e-34|1|24|302|302[302]:24[24]:279[279]
13484	351-351	0	23299	-1	37639at4891_5|133259|-|68|8.529e-14|1|1|351|351[351]:1[1]:351[351]
13491	195-186	0	15923	-1	35367at4891_8|133707|-|65|6.824e-13|1|10|195|195[195]:10[10]:186[186]
13532	407-288	0	12209	-1	33220at4891_1|136331|-|110|1.939e-26|1|120|407|407[407]:120[120]:288[288]
13588	3+468	0	2376	1	18893at4891_5|139915|+|100|1.986e-23|1|3|470|3[3]:470[470]:468[468]
13592	32+483	0	3951	1	24693at4891_2|140171|+|267|1.062e-73|1|32|514|32[32]:514[514]:483[483]
13594	520-519	0	9058	-1	23143at4891_7|140299|-|323|1.473e-90|1|2|520|520[520]:2[2]:519[519]
13599	533-531	0	1082	-1	27869at4891|140619|-|332|2.877e-93|1|3|533|533[533]:3[3]:531[531]
13604	17+510	0	2376	1	18893at4891_5|140939|+|81|1.041e-17|1|17|526|17[17]:526[526]:510[510]
13606	1+555	0	17238	1	28186at4891_2|141067|+|64|1.365e-12|1|1|555|1[1]:555[555]:555[555]
13610	1+564	0	3180	1	22775at4891_2|141323|+|279|2.592e-77|1|1|564|1[1]:564[564]:564[564]
13615	583-543	0	21027	-1	33646at4891_4|141643|-|271|6.635e-75|1|41|583|583[583]:41[41]:543[543]
13617	514-363	0	4973	-1	38969at4891_1|141771|-|190|1.604e-50|1|152|514|514[514]:152[152]:363[363]
13624	608-609	0	11096	-1	14212at4891_5|142219|-|340|1.124e-95|1|0|608|608[608]:0[0]:609[609]
13625	563-564	0	424	-1	31279at4891_2|142283|-|211|7.649e-57|1|0|563|563[563]:0[0]:564[564]
13634	647-648	0	1652	-1	19456at4891_5|142859|-|385|3.195e-109|1|0|647|647[647]:0[0]:648[648]
13635	2+660	0	2412	1	21145at4891_2|142923|+|288|5.062e-80|1|2|661|2[2]:661[661]:660[660]
13638	676-675	0	17068	-1	19731at4891_2|143115|-|381|5.111e-108|1|2|676|676[676]:2[2]:675[675]
13642	699-699	0	21400	-1	15914at4891_2|143371|-|273|1.659e-75|1|1|699|699[699]:1[1]:699[699]
13649	146+606	0	22859	1	15470at4891_1|143819|+|305|3.862e-85|1|146|751|146[146]:751[751]:606[606]
13652	4+774	0	22310	1	25170at4891_7|144011|+|282|3.24e-78|1|4|777|4[4]:777[777]:774[774]
13658	0+831	0	9473	1	6637at4891_4|144395|+|493|9.844e-142|1|0|830|0[0]:830[830]:831[831]
13664	0+816	0	8348	1	24360at4891_4|144779|+|384|6.389e-109|1|0|815|0[0]:815[815]:816[816]
13667	0+951	0	16902	1	11039at4891_2|144971|+|531|3.581e-153|1|0|950|0[0]:950[950]:951[951]
13668	111+834	0	15276	1	40964at4891|145035|+|211|7.649e-57|1|111|944|111[111]:944[944]:834[834]
13673	1093-1068	0	10508	-1	22073at4891_2|145355|-|572|1.629e-165|1|26|1093|1093[1093]:26[26]:1068[1068]
13675	1052-1053	0	9564	-1	11198at4891_1|145483|-|344|7.025e-97|1|0|1052|1052[1052]:0[0]:1053[1053]
13677	721+372	0	15099	1	30948at4891_5|145611|+|78|8.329e-17|1|721|1092|721[721]:1092[1092]:372[372]
13678	113+1182	0	10480	1	20608at4891_8|145675|+|538|2.798e-155|1|113|1294|113[113]:1294[1294]:1182[1182]
13679	835-804	0	20726	-1	18913at4891_8|145739|-|120|1.894e-29|1|32|835|835[835]:32[32]:804[804]
13680	1599-1599	0	1813	-1	27753at4891_2|145803|-|481|4.032e-138|1|1|1599|1599[1599]:1[1]:1599[1599]
13681	1012-1011	0	1595	-1	16461at4891_7|145867|-|320|1.179e-89|1|2|1012|1012[1012]:2[2]:1011[1011]
15847	455-450	0	5312	-1	18893at4891_9|138573|-|110|1.939e-26|1|6|455|455[455]:6[6]:450[450]
15851	73+399	0	10703	1	31397at4891_2|138829|+|182|4.107e-48|1|73|471|73[73]:471[471]:399[399]
15853	2+468	0	16277	1	16576at4891_3|138957|+|212|3.825e-57|1|2|469|2[2]:469[469]:468[468]
15893	576-528	0	21339	-1	12664at4891_8|141517|-|195|5.013e-52|1|49|576|576[576]:49[49]:528[528]
15895	490-489	0	13598	-1	29475at4891_2|141645|-|301|6.179e-84|1|2|490|490[490]:2[2]:489[489]
15900	469-468	0	9358	-1	37840at4891_4|141965|-|215|4.781e-58|1|2|469|469[469]:2[2]:468[468]
15905	614-549	0	11369	-1	28258at4891_2|142285|-|306|1.931e-85|1|66|614|614[614]:66[66]:549[549]
15910	641-642	0	14990	-1	26056at4891|142605|-|303|1.545e-84|1|0|641|641[641]:0[0]:642[642]
15921	695-489	0	8339	-1	23973at4891_2|143309|-|328|4.604e-92|1|207|695|695[695]:207[207]:489[489]
15933	761-657	0	7063	-1	32856at4891_2|144077|-|305|3.862e-85|1|105|761|761[761]:105[105]:657[657]
15939	831-822	0	14127	-1	19275at4891_3|144461|-|128|7.398e-32|1|10|831|831[831]:10[10]:822[822]
15941	864-837	0	10325	-1	12469at4891_8|144589|-|211|7.649e-57|1|28|864|864[864]:28[28]:837[837]
15944	11+801	0	12271	1	36374at4891_7|144781|+|291|6.327e-81|1|11|811|11[11]:811[811]:801[801]
15945	209+582	0	21459	1	18893at4891|144845|+|70|2.132e-14|1|209|790|209[209]:790[790]:582[582]
15949	87+825	0	11323	1	26165at4891_2|145101|+|439|1.773e-125|1|87|911|87[87]:911[911]:825[825]
15951	537+495	0	15956	1	37340at4891|145229|+|128|7.398e-32|1|537|1031|537[537]:1031[1031]:495[495]
15956	110+1002	0	5153	1	10849at4891_2|145549|+|144|1.129e-36|1|110|1111|110[110]:1111[1111]:1002[1002]
15960	1+1605	0	10974	1	8205at4891_6|145805|+|126|2.959e-31|1|1|1605|1[1]:1605[1605]:1605[1605]
17854	157-156	0	21877	-1	40449at4891_2|121103|-|85|6.507e-19|1|2|157|157[157]:2[2]:156[156]
17886	1+204	0	7176	1	39072at4891_3|123151|+|130|1.85e-32|1|1|204|1[1]:204[204]:204[204]
17927	46+216	0	1991	1	36106at4891_8|125775|+|168|6.729e-44|1|46|261|46[46]:261[261]:216[216]
17955	95+183	0	15158	1	33753at4891_4|127567|+|79|4.165e-17|1|95|277|95[95]:277[277]:183[183]
18031	170+171	0	19686	1	41799at4891|132431|+|104|1.241e-24|1|170|340|170[170]:340[340]:171[171]
18111	4+426	0	6162	1	25148at4891_7|137551|+|46|3.577e-07|1|4|429|4[4]:429[429]:426[426]
18128	79+387	0	19445	1	28379at4891_0|138639|+|207|1.224e-55|1|79|465|79[79]:465[465]:387[387]
18129	2+423	0	17251	1	28703at4891_2|138703|+|263|1.699e-72|1|2|424|2[2]:424[424]:423[423]
18157	23+468	0	19605	1	35981at4891_1|140495|+|116|3.03e-28|1|23|490|23[23]:490[490]:468[468]
18183	558-558	0	10647	-1	28769at4891_2|142159|-|337|8.992e-95|1|1|558|558[558]:1[1]:558[558]
18184	520-519	0	411	-1	30539at4891_3|142223|-|258|5.435e-71|1|2|520|520[520]:2[2]:519[519]
18190	2+639	0	12231	1	34188at4891_2|142607|+|233|1.824e-63|1|2|640|2[2]:640[640]:639[639]
18191	50+594	0	18136	1	3593at4891_0|142671|+|327|9.208e-92|1|50|643|50[50]:643[643]:594[594]
18198	642-501	0	8486	-1	30591at4891_2|143119|-|271|6.635e-75|1|142|642|642[642]:142[142]:501[501]
18214	794-795	0	11166	-1	17975at4891_2|144143|-|262|3.397e-72|1|0|794|794[794]:0[0]:795[795]
18215	803-786	0	5191	-1	12629at4891_8|144207|-|428|3.632e-122|1|18|803|803[803]:18[18]:786[786]
18221	645-645	0	8681	-1	42720at4891_1|144591|-|265|4.246e-73|1|1|645|645[645]:1[1]:645[645]
18222	455+366	0	13083	1	42337at4891_9|144655|+|151|8.819e-39|1|455|820|455[455]:820[820]:366[366]
18226	931-639	0	15305	-1	4853at4891_4|144911|-|147|1.411e-37|1|293|931|931[931]:293[293]:639[639]
18231	1010-1011	0	22834	-1	13973at4891_4|145231|-|621|2.893e-180|1|0|1010|1010[1010]:0[0]:1011[1011]
18236	1211-744	0	3702	-1	11759at4891_5|145551|-|254|8.696e-70|1|468|1211|1211[1211]:468[468]:744[744]
18237	89+447	0	21062	1	35459at4891_3|145615|+|226|2.334e-61|1|89|535|89[89]:535[535]:447[447]
18238	445+777	0	11393	1	29276at4891_2|145679|+|319|2.357e-89|1|445|1221|445[445]:1221[1221]:777[777]
18240	58+1440	0	8981	1	18882at4891_4|145807|+|248|5.566e-68|1|58|1497|58[58]:1497[1497]:1440[1440]
20033	32+168	0	14379	1	31657at4891_1|114641|+|80|2.082e-17|1|32|199|32[32]:199[199]:168[168]
20096	1+213	0	15284	1	42234at4891_2|118673|+|72|5.331e-15|1|1|213|1[1]:213[213]:213[213]
20123	1+207	0	10790	1	35656at4891_7|120401|+|115|6.061e-28|1|1|207|1[1]:207[207]:207[207]
20343	10+363	0	3049	1	15784at4891_0|134481|+|157|1.378e-40|1|10|372|10[10]:372[372]:363[363]
20397	389-390	0	14826	-1	17426at4891_6|137937|-|269|2.654e-74|1|0|389|389[389]:0[0]:390[390]
20404	457-453	0	7075	-1	33356at4891_2|138385|-|131|9.248e-33|1|5|457|457[457]:5[5]:453[453]
20408	33+423	0	21088	1	36980at4891_1|138641|+|194|1.003e-51|1|33|455|33[33]:455[455]:423[423]
20409	2+462	0	13596	1	29329at4891_4|138705|+|213|1.912e-57|1|2|463|2[2]:463[463]:462[462]
20429	510-441	0	377	-1	29021at4891_4|139985|-|224|9.338e-61|1|70|510|510[510]:70[70]:441[441]
20434	114+342	0	16533	1	29455at4891_7|140305|+|68|8.529e-14|1|114|455|114[114]:455[455]:342[342]
20436	527-528	0	19512	-1	31408at4891_2|140433|-|252|3.479e-69|1|0|527|527[527]:0[0]:528[528]
20455	31+555	0	14359	1	30603at4891_9|141649|+|285|4.05e-79|1|31|585|31[31]:585[585]:555[555]
20457	588-465	0	18873	-1	36167at4891_9|141777|-|147|1.411e-37|1|124|588|588[588]:124[124]:465[465]
20462	608-492	0	20908	-1	28186at4891_7|142097|-|266|2.123e-73|1|117|608|608[608]:117[117]:492[492]
20480	20+645	0	3164	1	21866at4891_7|143249|+|320|1.179e-89|1|20|664|20[20]:664[664]:645[645]
20481	603-486	0	14082	-1	16921at4891_4|143313|-|77|1.666e-16|1|118|603|603[603]:118[118]:486[486]
20487	680-681	0	13446	-1	22221at4891_4|143697|-|212|3.825e-57|1|0|680|680[680]:0[0]:681[681]
20498	829-732	0	3760	-1	14377at4891_2|144401|-|451|4.329e-129|1|98|829|829[829]:98[98]:732[732]
20499	0+699	0	6767	1	18264at4891_2|144465|+|391|4.991e-111|1|0|698|0[0]:698[698]:699[699]
20503	156+483	0	12955	1	33709at4891_2|144721|+|205|4.896e-55|1|156|638|156[156]:638[638]:483[483]
20505	2+762	0	13426	1	21312at4891_2|144849|+|241|7.124e-66|1|2|763|2[2]:763[763]:762[762]
20507	40+645	0	19827	1	10618at4891_6|144977|+|146|2.822e-37|1|40|684|40[40]:684[684]:645[645]
20516	24+1074	0	8976	1	18694at4891_9|145553|+|558|2.668e-161|1|24|1097|24[24]:1097[1097]:1074[1074]
20517	10+1233	0	9624	1	14015at4891_7|145617|+|482|2.016e-138|1|10|1242|10[10]:1242[1242]:1233[1233]
20519	161+444	0	498	1	34811at4891_8|145745|+|168|6.729e-44|1|161|604|161[161]:604[604]:444[444]
20519	861+564	0	15680	1	24073at4891_0|145745|+|57|1.747e-10|1|861|1424|861[861]:1424[1424]:564[564]
20520	9+1446	0	5932	1	13051at4891_2|145809|+|655|1.684e-190|1|9|1454|9[9]:1454[1454]:1446[1446]
20521	1689-1689	0	3558	-1	4680at4891_2|145873|-|722|1.141e-210|1|1|1689|1689[1689]:1[1]:1689[1689]
22293	2+192	0	14379	1	31657at4891_1|113363|+|78|8.329e-17|1|2|193|2[2]:193[193]:192[192]
22512	266-210	0	1977	-1	35333at4891_0|127379|-|40|2.29e-05|1|57|266|266[266]:57[57]:210[210]
22625	374-282	0	11388	-1	29070at4891_7|134611|-|100|1.986e-23|1|93|374|374[374]:93[93]:282[282]
22655	392-381	0	15199	-1	35904at4891_8|136531|-|130|1.85e-32|1|12|392|392[392]:12[12]:381[381]
22675	441-435	0	11205	-1	20191at4891_7|137811|-|250|1.391e-68|1|7|441|441[441]:7[7]:435[435]
22676	133+309	0	15244	1	38727at4891_9|137875|+|95|6.355e-22|1|133|441|133[133]:441[441]:309[309]
22717	34+498	0	10874	1	41101at4891_2|140499|+|128|7.398e-32|1|34|531|34[34]:531[531]:498[498]
22742	532-489	0	17837	-1	21615at4891_1|142099|-|53|2.795e-09|1|44|532|532[532]:44[44]:489[489]
22745	543-543	0	7502	-1	18378at4891_2|142291|-|319|2.357e-89|1|1|543|543[543]:1[1]:543[543]
22749	1+618	0	23187	1	31692at4891_3|142547|+|169|3.364e-44|1|1|618|1[1]:618[618]:618[618]
22753	655-606	0	16284	-1	16921at4891_7|142803|-|297|9.887e-83|1|50|655|655[655]:50[50]:606[606]
22758	2+675	0	20787	1	22293at4891_2|143123|+|234|9.119e-64|1|2|676|2[2]:676[676]:675[675]
22768	744-735	0	5330	-1	20087at4891_2|143763|-|436|1.419e-124|1|10|744|744[744]:10[10]:735[735]
22775	731-732	0	23164	-1	30572at4891_1|144211|-|74|1.333e-15|1|0|731|731[731]:0[0]:732[732]
22787	951-840	0	9691	-1	17607at4891_7|144979|-|111|9.697e-27|1|112|951|951[951]:112[112]:840[840]
22793	1098-1098	0	20452	-1	5370at4891_2|145363|-|627|4.52e-182|1|1|1098|1098[1098]:1[1]:1098[1098]
22795	90+663	0	6083	1	21160at4891_6|145491|+|102|4.965e-24|1|90|752|90[90]:752[752]:663[663]
22796	1217-1218	0	17434	-1	3798at4891_2|145555|-|652|1.347e-189|1|0|1217|1217[1217]:0[0]:1218[1218]
24674	62+162	0	7177	1	39132at4891_2|119829|+|99|3.972e-23|1|62|223|62[62]:223[223]:162[162]
24724	209-210	0	20325	-1	35216at4891_5|123029|-|77|1.666e-16|1|0|209|209[209]:0[0]:210[210]
24747	5+246	0	13016	1	37126at4891|124501|+|164|1.077e-42|1|5|250|5[5]:250[250]:246[246]
24945	28+399	0	3451	1	35670at4891_7|137173|+|92|5.084e-21|1|28|426|28[28]:426[426]:399[399]
24974	23+429	0	20329	1	35504at4891_1|139029|+|244|8.905e-67|1|23|451|23[23]:451[451]:429[429]
24981	491-492	0	12628	-1	17728at4891|139477|-|99|3.972e-23|1|0|491|491[491]:0[0]:492[492]
24986	503-504	0	20363	-1	37581at4891_2|139797|-|130|1.85e-32|1|0|503|503[503]:0[0]:504[504]
25001	0+540	0	754	1	11034at4891_2|140757|+|300|1.236e-83|1|0|539|0[0]:539[539]:540[540]
25013	191+375	0	14333	1	29504at4891_2|141525|+|186|2.567e-49|1|191|565|191[191]:565[565]:375[375]
25024	616-552	0	23061	-1	25967at4891_1|142229|-|227|1.167e-61|1|65|616|616[616]:65[65]:552[552]
25031	645-645	0	8778	-1	8471at4891_9|142677|-|296|1.977e-82|1|1|645|645[645]:1[1]:645[645]
25040	125+564	0	9596	1	12680at4891_2|143253|+|302|3.09e-84|1|125|688|125[125]:688[688]:564[564]
25046	533-414	0	2732	-1	36573at4891_2|143637|-|191|8.021e-51|1|120|533|533[533]:120[120]:414[414]
25049	582-582	0	3816	-1	17410at4891_2|143829|-|218|5.976e-59|1|1|582|582[582]:1[1]:582[582]
25050	330+360	0	1151	1	30846at4891|143893|+|57|1.747e-10|1|330|689|330[330]:689[689]:360[360]
25054	4+792	0	22892	1	17074at4891_2|144149|+|282|3.24e-78|1|4|795|4[4]:795[795]:792[792]
25056	10+804	0	6121	1	23077at4891_4|144277|+|269|2.654e-74|1|10|813|10[10]:813[813]:804[804]
25058	830-831	0	23474	-1	9525at4891_1|144405|-|490|7.875e-141|1|0|830|830[830]:0[0]:831[831]
25068	966-555	0	2319	-1	16010at4891_7|145045|-|104|1.241e-24|1|412|966|966[966]:412[412]:555[555]
25070	1020-987	0	16953	-1	13648at4891_6|145173|-|604|3.792e-175|1|34|1020|1020[1020]:34[34]:987[987]
25071	1046-1047	0	1255	-1	3593at4891_9|145237|-|429|1.816e-122|1|0|1046|1046[1046]:0[0]:1047[1047]
25072	241+702	0	8214	1	17077at4891_3|145301|+|116|3.03e-28|1|241|942|241[241]:942[942]:702[702]
25073	995-996	0	10967	-1	7896at4891_2|145365|-|515|2.347e-148|1|0|995|995[995]:0[0]:996[996]
25074	154+975	0	11711	1	8330at4891_5|145429|+|127|1.48e-31|1|154|1128|154[154]:1128[1128]:975[975]
25075	81+1101	0	21689	1	30264at4891_7|145493|+|384|6.389e-109|1|81|1181|81[81]:1181[1181]:1101[1101]
25076	1217-1092	0	13382	-1	18793at4891_2|145557|-|580|6.362e-168|1|126|1217|1217[1217]:126[126]:1092[1092]
25077	961-960	0	16310	-1	18389at4891_3|145621|-|331|5.755e-93|1|2|961|961[961]:2[2]:960[960]
25080	1637-867	0	22326	-1	25824at4891_2|145813|-|398|3.9e-113|1|771|1637|1637[1637]:771[771]:867[867]
25081	1302+642	0	3094	1	18047at4891_0|145877|+|320|1.179e-89|1|1302|1943|1302[1302]:1943[1943]:642[642]
25081	910-909	0	14728	-1	12450at4891_4|145877|-|490|7.875e-141|1|2|910|910[910]:2[2]:909[909]
27001	1+240	0	16732	1	39975at4891_2|122839|+|124|1.184e-30|1|1|240|1[1]:240[240]:240[240]
27157	84+261	0	5694	1	38164at4891_4|132823|+|69|4.265e-14|1|84|344|84[84]:344[344]:261[261]
27176	364-363	0	18189	-1	39278at4891_4|134039|-|140|1.806e-35|1|2|364|364[364]:2[2]:363[363]
27246	31+429	0	15768	1	28105at4891_2|138519|+|179|3.285e-47|1|31|459|31[31]:459[459]:429[429]
27260	272-273	0	6340	-1	33343at4891_1|139415|-|151|8.819e-39|1|0|272|272[272]:0[0]:273[273]
27272	517-516	0	17927	-1	26111at4891_2|140183|-|212|3.825e-57|1|2|517|517[517]:2[2]:516[516]
27275	158+369	0	9788	1	22859at4891_1|140375|+|242|3.562e-66|1|158|526|158[158]:526[526]:369[369]
27278	532-417	0	16642	-1	34589at4891_1|140567|-|252|3.479e-69|1|116|532|532[532]:116[116]:417[417]
27292	27+543	0	14096	1	17728at4891_1|141463|+|86|3.254e-19|1|27|569|27[27]:569[569]:543[543]
27311	261+378	0	11542	1	36731at4891_1|142679|+|162|4.306e-42|1|261|638|261[261]:638[638]:378[378]
27313	17+624	0	18773	1	31261at4891_6|142807|+|241|7.124e-66|1|17|640|17[17]:640[640]:624[624]
27319	29+354	0	10118	1	39485at4891_1|143191|+|145|5.644e-37|1|29|382|29[29]:382[382]:354[354]
27320	688-684	0	20727	-1	18954at4891_7|143255|-|337|8.992e-95|1|5|688|688[688]:5[5]:684[684]
27321	576-447	0	7845	-1	35117at4891_1|143319|-|278|5.183e-77|1|130|576|576[576]:130[130]:447[447]
27327	740-708	0	1825	-1	28190at4891_2|143703|-|301|6.179e-84|1|33|740|740[740]:33[33]:708[708]
27334	796-795	0	9424	-1	4476at4891_5|144151|-|453|1.082e-129|1|2|796|796[796]:2[2]:795[795]
27336	808-555	0	17032	-1	17728at4891_5|144279|-|170|1.682e-44|1|254|808|808[808]:254[254]:555[555]
27346	41+858	0	17837	1	21615at4891_1|144919|+|432|2.27e-123|1|41|898|41[41]:898[898]:858[858]
27348	0+969	0	12088	1	27717at4891_6|145047|+|206|2.448e-55|1|0|968|0[0]:968[968]:969[969]
27350	14+834	0	15602	1	1979at4891_9|145175|+|190|1.604e-50|1|14|847|14[14]:847[847]:834[834]
27356	1074-1074	0	16979	-1	14739at4891_2|145559|-|577|5.089e-167|1|1|1074|1074[1074]:1[1]:1074[1074]
27357	1249-972	0	6667	-1	13112at4891_2|145623|-|337|8.992e-95|1|278|1249|1249[1249]:278[278]:972[972]
27360	1522-1500	0	6787	-1	19264at4891_4|145815|-|585|1.988e-169|1|23|1522|1522[1522]:23[23]:1500[1500]
29149	196-189	0	3449	-1	35518at4891_9|114393|-|78|8.329e-17|1|8|196|196[196]:8[8]:189[189]
29196	1+210	0	560	1	38461at4891_4|117401|+|108|7.757e-26|1|1|210|1[1]:210[210]:210[210]
29343	1+234	0	11347	1	27330at4891_1|126809|+|130|1.85e-32|1|1|234|1[1]:234[234]:234[234]
29355	0+267	0	22496	1	33668at4891_5|127577|+|145|5.644e-37|1|0|266|0[0]:266[266]:267[267]
29422	315-312	0	20188	-1	28724at4891_5|131865|-|89|4.067e-20|1|4|315|315[315]:4[4]:312[312]
29431	2+336	0	17936	1	26458at4891_4|132441|+|205|4.896e-55|1|2|337|2[2]:337[337]:336[336]
29483	395-366	0	1159	-1	31320at4891_2|135769|-|196|2.507e-52|1|30|395|395[395]:30[30]:366[366]
29518	447-444	0	1864	-1	29886at4891_9|138009|-|155|5.512e-40|1|4|447|447[447]:4[4]:444[444]
29519	209+207	0	21153	1	41713at4891_2|138073|+|117|1.515e-28|1|209|415|209[209]:415[415]:207[207]
29520	12+438	0	3844	1	18893at4891_7|138137|+|83|2.603e-18|1|12|449|12[12]:449[449]:438[438]
29541	121+273	0	18211	1	40930at4891_4|139481|+|94|1.271e-21|1|121|393|121[121]:393[393]:273[273]
29575	7+522	0	22927	1	18919at4891_0|141657|+|216|2.39e-58|1|7|528|7[7]:528[528]:522[522]
29586	2+621	0	9005	1	20242at4891_2|142361|+|355|3.43e-100|1|2|622|2[2]:622[622]:621[621]
29590	1+543	0	9908	1	28589at4891_6|142617|+|340|1.124e-95|1|1|543|1[1]:543[543]:543[543]
29595	2+660	0	12708	1	21981at4891_7|142937|+|272|3.317e-75|1|2|661|2[2]:661[661]:660[660]
29596	664-579	0	6764	-1	18047at4891_5|143001|-|207|1.224e-55|1|86|664|664[664]:86[86]:579[579]
29598	1+615	0	8859	1	12560at4891_4|143129|+|88|8.134e-20|1|1|615|1[1]:615[615]:615[615]
29606	731-732	0	6739	-1	16797at4891_8|143641|-|379|2.045e-107|1|0|731|731[731]:0[0]:732[732]
29629	557-327	0	7923	-1	39854at4891_2|145113|-|158|6.89e-41|1|231|557|557[557]:231[231]:327[327]
29631	1005-990	0	4823	-1	30941at4891_2|145241|-|414|5.95e-118|1|16|1005|1005[1005]:16[16]:990[990]
29637	1117-1059	0	8357	-1	24835at4891_6|145625|-|651|2.694e-189|1|59|1117|1117[1117]:59[59]:1059[1059]
29640	1079-987	0	20710	-1	18087at4891_2|145817|-|458|3.382e-131|1|93|1079|1079[1079]:93[93]:987[987]
31475	209-210	0	10112	-1	39072at4891_7|117339|-|111|9.697e-27|1|0|209|209[209]:0[0]:210[210]
31731	358-312	0	16956	-1	13765at4891_3|133723|-|165|5.383e-43|1|47|358|358[358]:47[47]:312[312]
31755	126+261	0	3530	1	40685at4891_7|135259|+|120|1.894e-29|1|126|386|126[126]:386[386]:261[261]
31806	432-396	0	17940	-1	26633at4891_0|138523|-|55|6.987e-10|1|37|432|432[432]:37[37]:396[396]
31809	467-378	0	21752	-1	33306at4891_2|138715|-|199|3.133e-53|1|90|467|467[467]:90[90]:378[378]
31832	9+507	0	7039	1	31650at4891_2|140187|+|202|3.917e-54|1|9|515|9[9]:515[515]:507[507]
31837	2+438	0	4197	1	36350at4891_7|140507|+|241|7.124e-66|1|2|439|2[2]:439[439]:438[438]
31839	371-366	0	5505	-1	28629at4891|140635|-|169|3.364e-44|1|6|371|371[371]:6[6]:366[366]
31869	0+639	0	19845	1	11530at4891|142555|+|289|2.531e-80|1|0|638|0[0]:638[638]:639[639]
31875	22+588	0	18885	1	36899at4891|142939|+|222|3.735e-60|1|22|609|22[22]:609[609]:588[588]
31889	655-642	0	11266	-1	23386at4891_4|143835|-|317|9.429e-89|1|14|655|655[655]:14[14]:642[642]
31891	767-738	0	1463	-1	9784at4891_7|143963|-|435|2.837e-124|1|30|767|767[767]:30[30]:738[738]
31892	287+462	0	7178	1	39238at4891_1|144027|+|231|7.295e-63|1|287|748|287[287]:748[748]:462[462]
31901	800-798	0	15695	-1	24709at4891_7|144603|-|402|2.437e-114|1|3|800|800[800]:3[3]:798[798]
31909	782-552	0	9864	-1	26542at4891_2|145115|-|36|0.0003663|1|231|782|782[782]:231[231]:552[552]
31911	1007-1008	0	5530	-1	29660at4891_7|145243|-|459|1.691e-131|1|0|1007|1007[1007]:0[0]:1008[1008]
31912	263+627	0	1963	1	34595at4891_2|145307|+|321|5.893e-90|1|263|889|263[263]:889[889]:627[627]
31916	2+1221	0	5054	1	5956at4891_2|145563|+|642|1.379e-186|1|2|1222|2[2]:1222[1222]:1221[1221]
31920	1431-1416	0	23462	-1	8737at4891_2|145819|-|785|1.237e-229|1|16|1431|1431[1431]:16[16]:1416[1416]
33747	207-126	0	23357	-1	42330at4891_2|116829|-|49|4.472e-08|1|82|207|207[207]:82[82]:126[126]
33955	1+309	0	15892	1	33753at4891_5|130141|+|167|1.346e-43|1|1|309|1[1]:309[309]:309[309]
34022	0+276	0	1269	1	36879at4891_6|134429|+|159|3.445e-41|1|0|275|0[0]:275[275]:276[276]
34028	0+378	0	1078	1	27703at4891_2|134813|+|260|1.359e-71|1|0|377|0[0]:377[377]:378[378]
34030	55+306	0	10134	1	40497at4891_7|134941|+|112|4.848e-27|1|55|360|55[55]:360[360]:306[306]
34080	450-450	0	1044	-1	26018at4891_2|138141|-|224|9.338e-61|1|1|450|450[450]:1[1]:450[450]
34084	458-441	0	16518	-1	28724at4891_0|138397|-|134|1.156e-33|1|18|458|458[458]:18[18]:441[441]
34092	473-474	0	17011	-1	16576at4891_4|138909|-|241|7.124e-66|1|0|473|473[473]:0[0]:474[474]
34118	3+498	0	21431	1	17406at4891_5|140573|+|249|2.783e-68|1|3|500|3[3]:500[500]:498[498]
34126	518-126	0	13004	-1	36316at4891_9|141085|-|37|0.0001832|1|393|518|518[518]:393[393]:126[126]
34131	115+456	0	471	1	33398at4891_2|141405|+|183|2.053e-48|1|115|570|115[115]:570[570]:456[456]
34138	468-468	0	6166	-1	25281at4891_3|141853|-|277|1.037e-76|1|1|468|468[468]:1[1]:468[468]
34144	609-609	0	16195	-1	12422at4891_7|142237|-|291|6.327e-81|1|1|609|609[609]:1[1]:609[609]
34148	1+558	0	9968	1	31367at4891_2|142493|+|222|3.735e-60|1|1|558|1[1]:558[558]:558[558]
34152	649-645	0	3768	-1	14746at4891_5|142749|-|320|1.179e-89|1|5|649|649[649]:5[5]:645[645]
34158	678-678	0	15463	-1	12487at4891_4|143133|-|185|5.133e-49|1|1|678|678[678]:1[1]:678[678]
34161	696-687	0	20843	-1	25195at4891_4|143325|-|254|8.696e-70|1|10|696|696[696]:10[10]:687[687]
34162	566-546	0	14375	-1	31429at4891_5|143389|-|61|1.092e-11|1|21|566|566[566]:21[21]:546[546]
34163	4+612	0	20621	1	13503at4891_2|143453|+|341|5.62e-96|1|4|615|4[4]:615[615]:612[612]
34170	26+735	0	19114	1	11682at4891_6|143901|+|487|6.3e-140|1|26|760|26[26]:760[760]:735[735]
34174	793-792	0	4760	-1	28165at4891_7|144157|-|98|7.944e-23|1|2|793|793[793]:2[2]:792[792]
34180	1+852	0	196	1	20201at4891_2|144541|+|449|1.732e-128|1|1|852|1[1]:852[852]:852[852]
34183	888-888	0	19864	-1	12381at4891_2|144733|-|493|9.844e-142|1|1|888|888[888]:1[1]:888[888]
34184	1+714	0	19093	1	10618at4891_5|144797|+|124|1.184e-30|1|1|714|1[1]:714[714]:714[714]
34192	0+921	0	21420	1	16845at4891_5|145309|+|572|1.629e-165|1|0|920|0[0]:920[920]:921[921]
34195	37+765	0	22943	1	19967at4891_6|145501|+|218|5.976e-59|1|37|801|37[37]:801[801]:765[765]
34196	1159-1158	0	19793	-1	8708at4891_8|145565|-|732|1.114e-213|1|2|1159|1159[1159]:2[2]:1158[1158]
34197	162+1116	0	7270	1	6624at4891_2|145629|+|664|3.289e-193|1|162|1277|162[162]:1277[1277]:1116[1116]
34199	180+1251	0	9141	1	27104at4891_2|145757|+|500|7.691e-144|1|180|1430|180[180]:1430[1430]:1251[1251]
34200	862-819	0	15550	-1	16921at4891_6|145821|-|109|3.879e-26|1|44|862|862[862]:44[44]:819[819]
36071	2+198	0	12333	1	40331at4891_2|119647|+|102|4.965e-24|1|2|199|2[2]:199[199]:198[198]
36209	141+147	0	17481	1	41473at4891|128479|+|76|3.332e-16|1|141|287|141[141]:287[287]:147[147]
36233	307-261	0	16019	-1	42500at4891_2|130015|-|118|7.576e-29|1|47|307|307[307]:47[47]:261[261]
36252	7+288	0	18671	1	26506at4891_4|131231|+|78|8.329e-17|1|7|294|7[7]:294[294]:288[288]
36310	378-378	0	14402	-1	32845at4891_2|134943|-|127|1.48e-31|1|1|378|378[378]:1[1]:378[378]
36335	263-264	0	22496	-1	33668at4891_5|136543|-|107|1.551e-25|1|0|263|263[263]:0[0]:264[264]
36393	281-234	0	21890	-1	42330at4891_0|140255|-|111|9.697e-27|1|48|281|281[281]:48[48]:234[234]
36396	427-264	0	10777	-1	34922at4891_8|140447|-|54|1.397e-09|1|164|427|427[427]:164[164]:264[264]
36403	461-426	0	8501	-1	31397at4891|140895|-|157|1.378e-40|1|36|461|461[461]:36[36]:426[426]
36422	505-501	0	2318	-1	15962at4891_7|142111|-|253|1.739e-69|1|5|505|505[505]:5[5]:501[501]
36430	1+639	0	8338	1	23913at4891_3|142623|+|274|8.294e-76|1|1|639|1[1]:639[639]:639[639]
36433	1+651	0	10463	1	19758at4891_3|142815|+|432|2.27e-123|1|1|651|1[1]:651[651]:651[651]
36435	663-663	0	20676	-1	16352at4891_3|142943|-|431|4.54e-123|1|1|663|663[663]:1[1]:663[663]
36436	66+597	0	21459	1	18893at4891|143007|+|72|5.331e-15|1|66|662|66[66]:662[662]:597[597]
36442	182+522	0	8565	1	34416at4891_4|143391|+|227|1.167e-61|1|182|703|182[182]:703[703]:522[522]
36450	7+723	0	15687	1	24329at4891_4|143903|+|246|2.226e-67|1|7|729|7[7]:729[729]:723[723]
36454	390-264	0	7093	-1	34170at4891_6|144159|-|57|1.747e-10|1|127|390|390[390]:127[127]:264[264]
36458	697-576	0	12908	-1	31512at4891_2|144415|-|291|6.327e-81|1|122|697|697[697]:122[122]:576[576]
36459	847-846	0	5208	-1	13507at4891_2|144479|-|437|7.093e-125|1|2|847|847[847]:2[2]:846[846]
36461	51+816	0	964	1	21977at4891_2|144607|+|417|7.438e-119|1|51|866|51[51]:866[866]:816[816]
36464	905-498	0	19364	-1	24692at4891_2|144799|-|245|4.453e-67|1|408|905|905[905]:408[408]:498[498]
36467	309-309	0	16560	-1	30597at4891_2|144991|-|153|2.205e-39|1|1|309|309[309]:1[1]:309[309]
36468	973-939	0	20573	-1	11161at4891_6|145055|-|236|2.28e-64|1|35|973|973[973]:35[35]:939[939]
36469	948-948	0	2290	-1	14308at4891_2|145119|-|537|5.596e-155|1|1|948|948[948]:1[1]:948[948]
36472	859-849	0	12772	-1	25295at4891_1|145311|-|284|8.099e-79|1|11|859|859[859]:11[11]:849[849]
36474	1141-1140	0	6589	-1	9267at4891_4|145439|-|659|1.052e-191|1|2|1141|1141[1141]:2[2]:1140[1140]
36476	1053-1053	0	4517	-1	15784at4891_2|145567|-|674|3.212e-196|1|1|1053|1053[1053]:1[1]:1053[1053]
36477	904-903	0	17856	-1	22443at4891_4|145631|-|533|8.953e-154|1|2|904|904[904]:2[2]:903[903]
36478	318+1050	0	21506	1	21590at4891_7|145695|+|438|3.547e-125|1|318|1367|318[318]:1367[1367]:1050[1050]
36480	1671-594	0	12921	-1	32137at4891_2|145823|-|226|2.334e-61|1|1078|1671|1671[1671]:1078[1078]:594[594]
36481	107+507	0	12193	1	32367at4891_6|145887|+|158|6.89e-41|1|107|613|107[107]:613[613]:507[507]
36481	900+1107	0	15498	1	14108at4891_2|145887|+|542|1.749e-156|1|900|2006|900[900]:2006[2006]:1107[1107]
38486	287-243	0	4185	-1	35670at4891_8|128289|-|155|5.512e-40|1|45|287|287[287]:45[45]:243[243]
38493	290-246	0	6250	-1	29070at4891_0|128737|-|141|9.031e-36|1|45|290|290[290]:45[45]:246[246]
38575	356-342	0	12322	-1	39556at4891_2|133985|-|89|4.067e-20|1|15|356|356[356]:15[15]:342[342]
38600	392-393	0	16370	-1	21621at4891_9|135585|-|147|1.411e-37|1|0|392|392[392]:0[0]:393[393]
38604	2+267	0	484	1	34026at4891_0|135841|+|145|5.644e-37|1|2|268|2[2]:268[268]:267[267]
38608	403-402	0	19485	-1	30090at4891_6|136097|-|161|8.612e-42|1|2|403|403[403]:2[2]:402[402]
38654	330-327	0	6860	-1	23345at4891_0|139041|-|113|2.424e-27|1|4|330|330[330]:4[4]:327[327]
38661	1+492	0	17320	1	31879at4891_2|139489|+|206|2.448e-55|1|1|492|1[1]:492[492]:492[492]
38665	501-498	0	22298	-1	24610at4891_8|139745|-|52|5.59e-09|1|4|501|501[501]:4[4]:498[498]
38679	435-426	0	3491	-1	38101at4891_2|140641|-|180|1.643e-47|1|10|435|435[435]:10[10]:426[426]
38680	59+408	0	7132	1	36316at4891_1|140705|+|197|1.253e-52|1|59|466|59[59]:466[466]:408[408]
38700	5+600	0	9818	1	24498at4891_4|141985|+|232|3.648e-63|1|5|604|5[5]:604[604]:600[600]
38709	289+351	0	17350	1	33349at4891_6|142561|+|180|1.643e-47|1|289|639|289[289]:639[639]:351[351]
38713	654-654	0	882	-1	17516at4891_7|142817|-|370|1.047e-104|1|1|654|654[654]:1[1]:654[654]
38732	0+774	0	14927	1	22920at4891_7|144033|+|434|5.675e-124|1|0|773|0[0]:773[773]:774[774]
38737	823-822	0	13223	-1	10649at4891_6|144353|-|198|6.266e-53|1|2|823|823[823]:2[2]:822[822]
38753	1108-1107	0	21632	-1	2784at4891_6|145377|-|727|3.566e-212|1|2|1108|1108[1108]:2[2]:1107[1107]
38756	146+1080	0	8839	1	11698at4891_2|145569|+|421|4.649e-120|1|146|1225|146[146]:1225[1225]:1080[1080]
38760	2+1521	0	13619	1	30423at4891_3|145825|+|326|1.842e-91|1|2|1522|2[2]:1522[1522]:1521[1521]
38761	1137-1134	0	15182	-1	35014at4891_2|145889|-|275|4.147e-76|1|4|1137|1137[1137]:4[4]:1134[1134]
40658	230-195	0	4226	-1	38164at4891_2|121379|-|86|3.254e-19|1|36|230|230[230]:36[36]:195[195]
40700	15+234	0	12248	1	35062at4891_7|124067|+|155|5.512e-40|1|15|248|15[15]:248[248]:234[234]
40740	12+258	0	462	1	33117at4891|126627|+|170|1.682e-44|1|12|269|12[12]:269[269]:258[258]
40802	313-309	0	12216	-1	33522at4891_6|130595|-|124|1.184e-30|1|5|313|313[313]:5[5]:309[309]
40859	0+369	0	22441	1	31102at4891_2|134243|+|216|2.39e-58|1|0|368|0[0]:368[368]:369[369]
40862	0+372	0	6245	1	28812at4891_5|134435|+|156|2.756e-40|1|0|371|0[0]:371[371]:372[372]
40867	14+348	0	16689	1	37274at4891_1|134755|+|223|1.868e-60|1|14|361|14[14]:361[361]:348[348]
40938	2+483	0	7630	1	25148at4891_9|139299|+|75|6.664e-16|1|2|484|2[2]:484[484]:483[483]
40963	546-486	0	2515	-1	26145at4891_1|140899|-|289|2.531e-80|1|61|546|546[546]:61[61]:486[486]
40969	88+477	0	13079	1	41696at4891_2|141283|+|133|2.312e-33|1|88|564|88[88]:564[564]:477[477]
40978	1+597	0	7637	1	25405at4891_2|141859|+|268|5.308e-74|1|1|597|1[1]:597[597]:597[597]
40982	611-486	0	21651	-1	28579at4891_1|142115|-|317|9.429e-89|1|126|611|611[611]:126[126]:486[486]
40995	1+660	0	1941	1	33542at4891_2|142947|+|244|8.905e-67|1|1|660|1[1]:660[660]:660[660]
41001	697-687	0	8137	-1	13197at4891_2|143331|-|380|1.022e-107|1|11|697|697[697]:11[11]:687[687]
41011	649-621	0	9923	-1	29169at4891_2|143971|-|343|1.405e-96|1|29|649|649[649]:29[29]:621[621]
41013	752-753	0	20150	-1	27081at4891_7|144099|-|406|1.523e-115|1|0|752|752[752]:0[0]:753[753]
41015	2+804	0	7300	1	8010at4891_5|144227|+|509|1.502e-146|1|2|805|2[2]:805[805]:804[804]
41016	754-750	0	21378	-1	14521at4891_2|144291|-|130|1.85e-32|1|5|754|754[754]:5[5]:750[750]
41021	867-867	0	13886	-1	7011at4891_1|144611|-|561|3.335e-162|1|1|867|867[867]:1[1]:867[867]
41024	893-846	0	4617	-1	21253at4891_2|144803|-|419|1.859e-119|1|48|893|893[893]:48[48]:846[846]
41031	959-861	0	16444	-1	25396at4891_4|145251|-|327|9.208e-92|1|99|959|959[959]:99[99]:861[861]
41035	1156-420	0	12863	-1	29455at4891_2|145507|-|44|1.431e-06|1|737|1156|1156[1156]:737[737]:420[420]
41036	1222-1221	0	19096	-1	10695at4891_2|145571|-|546|1.093e-157|1|2|1222|1222[1222]:2[2]:1221[1221]
41037	98+1092	0	16525	1	29050at4891_4|145635|+|372|2.617e-105|1|98|1189|98[98]:1189[1189]:1092[1092]
41038	1340-1272	0	7408	-1	13407at4891_7|145699|-|246|2.226e-67|1|69|1340|1340[1340]:69[69]:1272[1272]
42943	2+228	0	19676	1	40500at4891_9|121701|+|93|2.542e-21|1|2|229|2[2]:229[229]:228[228]
43037	2+279	0	15034	1	28105at4891_1|127717|+|188|6.417e-50|1|2|280|2[2]:280[280]:279[279]
43133	358-357	0	8477	-1	30222at4891_0|133861|-|171|8.411e-45|1|2|358|358[358]:2[2]:357[357]
43145	370-369	0	4916	-1	35506at4891_1|134629|-|202|3.917e-54|1|2|370|370[370]:2[2]:369[369]
43153	384-354	0	19549	-1	33224at4891_0|135141|-|224|9.338e-61|1|31|384|384[384]:31[31]:354[354]
43154	385-384	0	23071	-1	26409at4891_2|135205|-|207|1.224e-55|1|2|385|385[385]:2[2]:384[384]
43175	277-270	0	18072	-1	32845at4891_7|136549|-|98|7.944e-23|1|8|277|277[277]:8[8]:270[270]
43197	69+375	0	3468	1	36716at4891_1|137957|+|200|1.567e-53|1|69|443|69[69]:443[443]:375[375]
43221	153+339	0	22602	1	39848at4891_1|139493|+|186|2.567e-49|1|153|491|153[153]:491[491]:339[339]
43233	245-240	0	10854	-1	39556at4891_0|140261|-|88|8.134e-20|1|6|245|245[245]:6[6]:240[240]
43257	591-591	0	18347	-1	9903at4891_6|141797|-|286|2.025e-79|1|1|591|591[591]:1[1]:591[591]
43263	614-594	0	2376	-1	18893at4891_5|142181|-|44|1.431e-06|1|21|614|614[614]:21[21]:594[594]
43268	490-483	0	2756	-1	38051at4891_2|142501|-|273|1.659e-75|1|8|490|490[490]:8[8]:483[483]
43269	21+618	0	15010	1	26895at4891_2|142565|+|286|2.025e-79|1|21|638|21[21]:638[638]:618[618]
43277	2+609	0	12592	1	15897at4891_1|143077|+|413|1.19e-117|1|2|610|2[2]:610[610]:609[609]
43282	552-552	0	22752	-1	9950at4891_0|143397|-|324|7.366e-91|1|1|552|552[552]:1[1]:552[552]
43284	613-432	0	4858	-1	32672at4891_2|143525|-|246|2.226e-67|1|182|613|613[613]:182[182]:432[432]
43287	741-714	0	12839	-1	28359at4891_2|143717|-|78|8.329e-17|1|28|741|741[741]:28[28]:714[714]
43304	4+903	0	6224	1	28029at4891_2|144805|+|418|3.719e-119|1|4|906|4[4]:906[906]:903[903]
43308	937-798	0	11822	-1	13866at4891_3|145061|-|106|3.103e-25|1|140|937|937[937]:140[140]:798[798]
43313	1+1110	0	11658	1	5879at4891_2|145381|+|587|4.97e-170|1|1|1110|1[1]:1110[1110]:1110[1110]
43314	27+1116	0	3727	1	12814at4891_2|145445|+|655|1.684e-190|1|27|1142|27[27]:1142[1142]:1116[1116]
43317	1275-921	0	11199	-1	19854at4891_2|145637|-|365|3.35e-103|1|355|1275|1275[1275]:355[355]:921[921]
43320	1722-1551	0	11521	-1	3548at4891_0|145829|-|236|2.28e-64|1|172|1722|1722[1722]:172[172]:1551[1551]
43321	1765-1749	0	13723	-1	3548at4891_3|145893|-|281|6.479e-78|1|17|1765|1765[1765]:17[17]:1749[1749]
45106	194-144	0	1334	-1	41473at4891_9|114215|-|70|2.132e-14|1|51|194|194[194]:51[51]:144[144]
45234	0+237	0	4918	1	35656at4891|122407|+|168|6.729e-44|1|0|236|0[0]:236[236]:237[237]
45379	299-300	0	12085	-1	27533at4891_9|131687|-|108|7.757e-26|1|0|299|299[299]:0[0]:300[300]
45401	2+348	0	21769	1	34017at4891_8|133095|+|104|1.241e-24|1|2|349|2[2]:349[349]:348[348]
45412	1+360	0	4025	1	28115at4891_7|133799|+|94|1.271e-21|1|1|360|1[1]:360[360]:360[360]
45423	372-348	0	10745	-1	33356at4891_7|134503|-|190|1.604e-50|1|25|372|372[372]:25[25]:348[348]
45484	457-447	0	11992	-1	23029at4891_2|138407|-|277|1.037e-76|1|11|457|457[457]:11[11]:447[447]
45491	1+309	0	13024	1	37625at4891_2|138855|+|167|1.346e-43|1|1|309|1[1]:309[309]:309[309]
45504	498-498	0	20794	-1	22615at4891_6|139687|-|248|5.566e-68|1|1|498|498[498]:1[1]:498[498]
45518	437-438	0	16158	-1	10638at4891_0|140583|-|226|2.334e-61|1|0|437|437[437]:0[0]:438[438]
45538	5+549	0	2745	1	37378at4891_2|141863|+|183|2.053e-48|1|5|553|5[5]:553[553]:549[549]
45540	1+603	0	11899	1	17901at4891_4|141991|+|272|3.317e-75|1|1|603|1[1]:603[603]:603[603]
45542	2+606	0	6115	1	22625at4891_7|142119|+|325|3.683e-91|1|2|607|2[2]:607[607]:606[606]
45550	208+435	0	19672	1	40312at4891_2|142631|+|199|3.133e-53|1|208|642|208[208]:642[642]:435[435]
45557	4+663	0	11852	1	154at4891_6|143079|+|147|1.411e-37|1|4|666|4[4]:666[666]:663[663]
45559	502+180	0	20405	1	40161at4891_4|143207|+|119|3.788e-29|1|502|681|502[502]:681[681]:180[180]
45565	145+492	0	19536	1	32549at4891_2|143591|+|261|6.794e-72|1|145|636|145[145]:636[636]:492[492]
45571	396-396	0	3844	-1	18893at4891_7|143975|-|86|3.254e-19|1|1|396|396[396]:1[1]:396[396]
45576	618-618	0	16971	-1	14376at4891|144295|-|345|3.512e-97|1|1|618|618[618]:1[1]:618[618]
45577	824-825	0	5097	-1	7956at4891_3|144359|-|530|7.162e-153|1|0|824|824[824]:0[0]:825[825]
45582	84+654	0	2618	1	30706at4891_2|144679|+|289|2.531e-80|1|84|737|84[84]:737[737]:654[654]
45589	53+948	0	158	1	18042at4891_7|145127|+|503|9.613e-145|1|53|1000|53[53]:1000[1000]:948[948]
45590	136+891	0	17927	1	26111at4891_2|145191|+|455|2.706e-130|1|136|1026|136[136]:1026[1026]:891[891]
45592	790-678	0	7740	-1	30029at4891_2|145319|-|302|3.09e-84|1|113|790|790[790]:113[113]:678[678]
45599	2+273	0	506	1	35139at4891_1|145767|+|158|6.89e-41|1|2|274|2[2]:274[274]:273[273]
45600	0+1524	0	19754	1	6891at4891_2|145831|+|854|2.096e-250|1|0|1523|0[0]:1523[1523]:1524[1524]
47452	206-207	0	10102	-1	38465at4891_6|118441|-|117|1.515e-28|1|0|206|206[206]:0[0]:207[207]
47497	230-231	0	7172	-1	38792at4891_7|121321|-|129|3.699e-32|1|0|230|230[230]:0[0]:231[231]
47556	46+207	0	21543	1	23560at4891_6|125097|+|45|7.155e-07|1|46|252|46[46]:252[252]:207[207]
47647	319-315	0	4017	-1	27851at4891_3|130921|-|169|3.364e-44|1|5|319|319[319]:5[5]:315[315]
47658	2+327	0	17937	1	26506at4891_3|131625|+|66|3.412e-13|1|2|328|2[2]:328[328]:327[327]
47667	0+336	0	21684	1	29978at4891_1|132201|+|180|1.643e-47|1|0|335|0[0]:335[335]:336[336]
47718	224-225	0	4939	-1	36882at4891_0|135465|-|141|9.031e-36|1|0|224|224[224]:0[0]:225[225]
47736	72+342	0	18147	1	36650at4891_0|136617|+|199|3.133e-53|1|72|413|72[72]:413[413]:342[342]
47746	428-429	0	10003	-1	33075at4891_2|137257|-|241|7.124e-66|1|0|428|428[428]:0[0]:429[429]
47751	433-351	0	8443	-1	28690at4891_1|137577|-|233|1.824e-63|1|83|433|433[433]:83[83]:351[351]
47776	481-423	0	7501	-1	18264at4891_3|139177|-|66|3.412e-13|1|59|481|481[481]:59[59]:423[423]
47784	0+495	0	7525	1	19641at4891_1|139689|+|168|6.729e-44|1|0|494|0[0]:494[494]:495[495]
47785	2+486	0	10863	1	40108at4891_2|139753|+|231|7.295e-63|1|2|487|2[2]:487[487]:486[486]
47792	39+480	0	10250	1	8686at4891_7|140201|+|71|1.066e-14|1|39|518|39[39]:518[518]:480[480]
47795	5+522	0	1905	1	31728at4891_4|140393|+|137|1.445e-34|1|5|526|5[5]:526[526]:522[522]
47801	145+396	0	9297	1	34307at4891_7|140777|+|205|4.896e-55|1|145|540|145[145]:540[540]:396[396]
47808	499-498	0	9381	-1	39270at4891_3|141225|-|166|2.691e-43|1|2|499|499[499]:2[2]:498[498]
47813	26+552	0	3837	1	18616at4891_3|141545|+|228|5.836e-62|1|26|577|26[26]:577[577]:552[552]
47814	0+582	0	3900	1	21977at4891_6|141609|+|192|4.011e-51|1|0|581|0[0]:581[581]:582[582]
47821	608-579	0	9787	-1	22821at4891_2|142057|-|263|1.699e-72|1|30|608|608[608]:30[30]:579[579]
47833	9+642	0	11852	1	154at4891_6|142825|+|137|1.445e-34|1|9|650|9[9]:650[650]:642[642]
47837	666-630	0	17204	-1	26555at4891_1|143081|-|219|2.988e-59|1|37|666|666[666]:37[37]:630[630]
47839	1+678	0	14630	1	7444at4891_3|143209|+|419|1.859e-119|1|1|678|1[1]:678[678]:678[678]
47843	654-540	0	21823	-1	37075at4891_1|143465|-|229|2.918e-62|1|115|654|654[654]:115[115]:540[540]
47848	84+651	0	20791	1	22405at4891_9|143785|+|186|2.567e-49|1|84|734|84[84]:734[734]:651[651]
47858	9+759	0	18721	1	28780at4891_2|144425|+|372|2.617e-105|1|9|767|9[9]:767[767]:759[759]
47859	847-822	0	20191	-1	28907at4891_2|144489|-|343|1.405e-96|1|26|847|847[847]:26[26]:822[822]
47861	436+387	0	7934	1	40701at4891_2|144617|+|182|4.107e-48|1|436|822|436[436]:822[822]:387[387]
47862	868-849	0	7747	-1	30413at4891_6|144681|-|216|2.39e-58|1|20|868|868[868]:20[20]:849[849]
47863	2+756	0	4697	1	25236at4891_2|144745|+|402|2.437e-114|1|2|757|2[2]:757[757]:756[756]
47866	238+687	0	4125	1	32761at4891_0|144937|+|120|1.894e-29|1|238|924|238[238]:924[924]:687[687]
47871	78+975	0	11711	1	8330at4891_5|145257|+|131|9.248e-33|1|78|1052|78[78]:1052[1052]:975[975]
47873	962-888	0	14907	-1	21825at4891_2|145385|-|491|3.938e-141|1|75|962|962[962]:75[75]:888[888]
47875	1061-1017	0	19975	-1	18042at4891_2|145513|-|294|7.909e-82|1|45|1061|1061[1061]:45[45]:1017[1017]
47876	1057-1056	0	21321	-1	11876at4891_4|145577|-|659|1.052e-191|1|2|1057|1057[1057]:2[2]:1056[1056]
47877	847-840	0	8925	-1	16016at4891_5|145641|-|511|3.755e-147|1|8|847|847[847]:8[8]:840[840]
47878	1108-924	0	1089	-1	28115at4891_3|145705|-|211|7.649e-57|1|185|1108|1108[1108]:185[185]:924[924]
47879	1415-1416	0	7210	-1	4206at4891_2|145769|-|856|5.239e-251|1|0|1415|1415[1415]:0[0]:1416[1416]
49746	220-219	0	17456	-1	39321at4891_2|119339|-|136|2.89e-34|1|2|220|220[220]:2[2]:219[219]
49901	298-297	0	4778	-1	28920at4891_2|129259|-|198|6.266e-53|1|2|298|298[298]:2[2]:297[297]
49931	321-318	0	4769	-1	28544at4891_0|131179|-|111|9.697e-27|1|4|321|321[321]:4[4]:318[318]
49965	348-339	0	18534	-1	19532at4891_6|133355|-|57|1.747e-10|1|10|348|348[348]:10[10]:339[339]
49968	83+273	0	19661	1	39520at4891_2|133547|+|158|6.89e-41|1|83|355|83[83]:355[355]:273[273]
49972	283-282	0	3389	-1	32582at4891_1|133803|-|171|8.411e-45|1|2|283|283[283]:2[2]:282[282]
49999	387-366	0	10779	-1	35036at4891_6|135531|-|108|7.757e-26|1|22|387|387[387]:22[22]:366[366]
50043	455-456	0	21573	-1	25078at4891_9|138347|-|262|3.397e-72|1|0|455|455[455]:0[0]:456[456]
50052	3+375	0	11358	1	27875at4891_2|138923|+|181|8.214e-48|1|3|377|3[3]:377[377]:375[375]
50056	8+474	0	1021	1	25014at4891_3|139179|+|276|2.073e-76|1|8|481|8[8]:481[481]:474[474]
50062	457-456	0	11956	-1	21227at4891_2|139563|-|175|5.257e-46|1|2|457|457[457]:2[2]:456[456]
50073	2+519	0	10342	1	13320at4891_2|140267|+|247|1.113e-67|1|2|520|2[2]:520[520]:519[519]
50074	524-471	0	12966	-1	34291at4891_2|140331|-|252|3.479e-69|1|54|524|524[524]:54[54]:471[471]
50078	1+525	0	20305	1	34235at4891_2|140587|+|214|9.562e-58|1|1|525|1[1]:525[525]:525[525]
50087	84+477	0	16592	1	32172at4891_6|141163|+|312|3.017e-87|1|84|560|84[84]:560[560]:477[477]
50092	0+567	0	3690	1	11034at4891_6|141483|+|364|6.699e-103|1|0|566|0[0]:566[566]:567[567]
50094	581-582	0	3465	-1	364at4891_4|141611|-|317|9.429e-89|1|0|581|581[581]:0[0]:582[582]
50101	3+606	0	13798	1	40036at4891_7|142059|+|220|1.494e-59|1|3|608|3[3]:608[608]:606[606]
50106	98+525	0	15689	1	24461at4891_2|142379|+|261|6.794e-72|1|98|622|98[98]:622[622]:525[525]
50112	1+651	0	16197	1	12487at4891_5|142763|+|346|1.756e-97|1|1|651|1[1]:651[651]:651[651]
50129	642-633	0	2503	-1	25519at4891_2|143851|-|244|8.905e-67|1|10|642|642[642]:10[10]:633[633]
50130	542-348	0	21057	-1	35136at4891_8|143915|-|228|5.836e-62|1|195|542|542[542]:195[195]:348[348]
50131	499-459	0	18824	-1	33603at4891_2|143979|-|248|5.566e-68|1|41|499|499[499]:41[41]:459[459]
50132	2+780	0	3147	1	21160at4891_2|144043|+|313|1.509e-87|1|2|781|2[2]:781[781]:780[780]
50134	792-660	0	9864	-1	26542at4891_2|144171|-|248|5.566e-68|1|133|792|792[792]:133[133]:660[660]
50136	665-585	0	16369	-1	21615at4891|144299|-|38|9.158e-05|1|81|665|665[665]:81[81]:585[585]
50143	1+891	0	18561	1	21182at4891_1|144747|+|496|1.23e-142|1|1|891|1[1]:891[891]:891[891]
50145	922-921	0	5124	-1	9469at4891|144875|-|581|3.181e-168|1|2|922|922[922]:2[2]:921[921]
50150	1028-1029	0	3705	-1	11866at4891_2|145195|-|605|1.896e-175|1|0|1028|1028[1028]:0[0]:1029[1029]
50154	1147-1146	0	8751	-1	7127at4891_2|145451|-|292|3.164e-81|1|2|1147|1147[1147]:2[2]:1146[1146]
50157	734-615	0	9165	-1	28212at4891_1|145643|-|394|6.239e-112|1|120|734|734[734]:120[120]:615[615]
50158	2+1389	0	22743	1	9609at4891_9|145707|+|717|3.651e-209|1|2|1390|2[2]:1390[1390]:1389[1389]
52093	243-240	0	8619	-1	37570at4891_8|123629|-|60|2.184e-11|1|4|243|243[243]:4[4]:240[240]
52132	7+258	0	10760	1	34037at4891_3|126125|+|108|7.757e-26|1|7|264|7[7]:264[264]:258[258]
52134	266-267	0	7098	-1	34467at4891_1|126253|-|166|2.691e-43|1|0|266|266[266]:0[0]:267[267]
52166	5+279	0	10784	1	35318at4891_2|128301|+|162|4.306e-42|1|5|283|5[5]:283[283]:279[279]
52227	326-327	0	9321	-1	35584at4891_6|132205|-|188|6.417e-50|1|0|326|326[326]:0[0]:327[327]
52311	1+435	0	121	1	16163at4891_0|137581|+|213|1.912e-57|1|1|435|1[1]:435[435]:435[435]
52317	335-336	0	21043	-1	34458at4891|137965|-|230|1.459e-62|1|0|335|335[335]:0[0]:336[336]
52350	511-507	0	12593	-1	15960at4891_0|140077|-|330|1.151e-92|1|5|511|511[511]:5[5]:507[507]
52360	184+354	0	456	1	32812at4891_5|140717|+|214|9.562e-58|1|184|537|184[184]:537[537]:354[354]
52366	2+555	0	14833	1	17869at4891|141101|+|342|2.81e-96|1|2|556|2[2]:556[556]:555[555]
52367	5+531	0	15730	1	26316at4891_5|141165|+|273|1.659e-75|1|5|535|5[5]:535[535]:531[531]
52372	573-540	0	23324	-1	39178at4891_2|141485|-|248|5.566e-68|1|34|573|573[573]:34[34]:540[540]
52378	595-594	0	12776	-1	25443at4891_8|141869|-|335|3.597e-94|1|2|595|595[595]:2[2]:594[594]
52379	47+552	0	22081	1	1312at4891_1|141933|+|232|3.648e-63|1|47|598|47[47]:598[598]:552[552]
52386	611-456	0	5248	-1	15588at4891_6|142381|-|102|4.965e-24|1|156|611|611[611]:156[156]:456[456]
52393	102+555	0	3295	1	28251at4891_2|142829|+|292|3.164e-81|1|102|656|102[102]:656[656]:555[555]
52395	593-594	0	4675	-1	24240at4891_2|142957|-|314|7.543e-88|1|0|593|593[593]:0[0]:594[594]
52397	673-435	0	23407	-1	6242at4891_1|143085|-|71|1.066e-14|1|239|673|673[673]:239[239]:435[435]
52400	685-654	0	12484	-1	10359at4891|143277|-|316|1.886e-88|1|32|685|685[685]:32[32]:654[654]
52404	0+720	0	19883	1	13293at4891_5|143533|+|217|1.195e-58|1|0|719|0[0]:719[719]:720[720]
52407	741-498	0	448	-1	32319at4891_2|143725|-|273|1.659e-75|1|244|741|741[741]:244[244]:498[498]
52413	744-735	0	17894	-1	24610at4891_2|144109|-|243|1.781e-66|1|10|744|744[744]:10[10]:735[735]
52415	803-804	0	10964	-1	7600at4891_5|144237|-|243|1.781e-66|1|0|803|803[803]:0[0]:804[804]
52418	23+729	0	20435	1	4496at4891_8|144429|+|104|1.241e-24|1|23|751|23[23]:751[751]:729[729]
52419	24+516	0	19438	1	28105at4891_7|144493|+|95|6.355e-22|1|24|539|24[24]:539[539]:516[516]
52420	693-693	0	11496	-1	34138at4891_2|144557|-|264|8.493e-73|1|1|693|693[693]:1[1]:693[693]
52421	96+735	0	11285	1	24421at4891_7|144621|+|313|1.509e-87|1|96|830|96[96]:830[830]:735[735]
52430	1027-1026	0	16881	-1	9995at4891_2|145197|-|486|1.26e-139|1|2|1027|1027[1027]:2[2]:1026[1026]
52434	772-726	0	23152	-1	30024at4891_2|145453|-|312|3.017e-87|1|47|772|772[772]:47[47]:726[726]
52440	579+1191	0	20543	1	9657at4891_4|145837|+|724|2.853e-211|1|579|1769|579[579]:1769[1769]:1191[1191]
52441	87+2121	0	13771	1	3845at4891_1|145901|+|381|5.111e-108|1|87|2207|87[87]:2207[2207]:2121[2121]
54370	2+213	0	18213	1	41022at4891_2|123439|+|120|1.894e-29|1|2|214|2[2]:214[214]:213[213]
54435	37+234	0	23256	1	35061at4891_1|127599|+|72|5.331e-15|1|37|270|37[37]:270[270]:234[234]
54471	303-291	0	5671	-1	36796at4891_3|129903|-|192|4.011e-51|1|13|303|303[303]:13[13]:291[291]
54494	0+240	0	11595	1	39993at4891_5|131375|+|84|1.301e-18|1|0|239|0[0]:239[239]:240[240]
54509	274-228	0	9397	-1	40316at4891_9|132335|-|60|2.184e-11|1|47|274|274[274]:47[47]:228[228]
54521	148+135	0	7816	1	33647at4891_7|133103|+|57|1.747e-10|1|148|282|148[148]:282[282]:135[135]
54546	2+366	0	10807	1	36646at4891_1|134703|+|176|2.628e-46|1|2|367|2[2]:367[367]:366[366]
54548	0+300	0	2772	1	39065at4891_8|134831|+|141|9.031e-36|1|0|299|0[0]:299[299]:300[300]
54576	412-405	0	3844	-1	18893at4891_7|136623|-|86|3.254e-19|1|8|412|412[412]:8[8]:405[405]
54578	4+411	0	1137	1	30149at4891_1|136751|+|162|4.306e-42|1|4|414|4[4]:414[414]:411[411]
54582	69+354	0	15751	1	27330at4891_7|137007|+|237|1.14e-64|1|69|422|69[69]:422[422]:354[354]
54592	358-357	0	7891	-1	37925at4891_1|137647|-|220|1.494e-59|1|2|358|358[358]:2[2]:357[357]
54595	5+399	0	5248	1	15588at4891_6|137839|+|82|5.206e-18|1|5|403|5[5]:403[403]:399[399]
54599	449-357	0	21711	-1	31342at4891_8|138095|-|108|7.757e-26|1|93|449|449[449]:93[93]:357[357]
54617	3+480	0	19385	1	25563at4891_3|139247|+|269|2.654e-74|1|3|482|3[3]:482[482]:480[480]
54638	1+534	0	12761	1	24837at4891_1|140591|+|331|5.755e-93|1|1|534|1[1]:534[534]:534[534]
54640	39+351	0	6919	1	26145at4891_7|140719|+|93|2.542e-21|1|39|389|39[39]:389[389]:351[351]
54645	0+552	0	19760	1	7086at4891_7|141039|+|200|1.567e-53|1|0|551|0[0]:551[551]:552[552]
54647	14+441	0	11395	1	29455at4891_0|141167|+|47|1.789e-07|1|14|454|14[14]:454[454]:441[441]
54652	177+387	0	14688	1	10497at4891_0|141487|+|81|1.041e-17|1|177|563|177[177]:563[563]:387[387]
54656	6+582	0	1297	1	38648at4891_2|141743|+|274|8.294e-76|1|6|587|6[6]:587[587]:582[582]
54664	614-615	0	21584	-1	25476at4891_9|142255|-|402|2.437e-114|1|0|614|614[614]:0[0]:615[615]
54673	654-558	0	13748	-1	36972at4891_2|142831|-|163|2.153e-42|1|97|654|654[654]:97[97]:558[558]
54684	662-663	0	1554	-1	14147at4891_3|143535|-|153|2.205e-39|1|0|662|662[662]:0[0]:663[663]
54686	729-636	0	13348	-1	16921at4891_3|143663|-|81|1.041e-17|1|94|729|729[729]:94[94]:636[636]
54692	63+720	0	22113	1	14552at4891_2|144047|+|445|2.771e-127|1|63|782|63[63]:782[782]:720[720]
54700	6+846	0	10385	1	15557at4891_3|144559|+|173|2.103e-45|1|6|851|6[6]:851[851]:846[846]
54704	906-906	0	12449	-1	8550at4891_2|144815|-|561|3.335e-162|1|1|906|906[906]:1[1]:906[906]
54713	0+1113	0	10331	1	12728at4891_2|145391|+|563|8.338e-163|1|0|1112|0[0]:1112[1112]:1113[1113]
54714	4+705	0	1194	1	32986at4891_2|145455|+|171|8.411e-45|1|4|708|4[4]:708[708]:705[705]
54717	2+1290	0	18191	1	3937at4891_2|145647|+|711|2.337e-207|1|2|1291|2[2]:1291[1291]:1290[1290]
54718	1396-1377	0	21202	-1	5966at4891_2|145711|-|796|6.041e-233|1|20|1396|1396[1396]:20[20]:1377[1377]
54720	0+1737	0	5103	1	8224at4891_9|145839|+|810|3.687e-237|1|0|1736|0[0]:1736[1736]:1737[1737]
54721	0+765	0	11939	1	20191at4891_8|145903|+|115|6.061e-28|1|0|764|0[0]:764[764]:765[765]
56574	1+216	0	10716	1	31994at4891_2|118577|+|115|6.061e-28|1|1|216|1[1]:216[216]:216[216]
56690	0+198	0	12248	1	35062at4891_7|126001|+|127|1.48e-31|1|0|197|0[0]:197[197]:198[198]
56766	317-255	0	1217	-1	33999at4891_2|130865|-|176|2.628e-46|1|63|317|317[317]:63[63]:255[255]
56801	21+330	0	15034	1	28105at4891_1|133105|+|140|1.806e-35|1|21|350|21[21]:350[350]:330[330]
56865	409-216	0	510	-1	35426at4891_8|137201|-|52|5.59e-09|1|194|409|409[409]:194[194]:216[216]
56881	452-345	0	12863	-1	29455at4891_2|138225|-|98|7.944e-23|1|108|452|452[452]:108[108]:345[345]
56902	496-495	0	3439	-1	35020at4891_7|139569|-|231|7.295e-63|1|2|496|496[496]:2[2]:495[495]
56912	2+516	0	1732	1	23912at4891_5|140209|+|306|1.931e-85|1|2|517|2[2]:517[517]:516[516]
56914	3+480	0	4800	1	29887at4891_2|140337|+|168|6.729e-44|1|3|482|3[3]:482[482]:480[480]
56915	491-492	0	18066	-1	32490at4891_2|140401|-|255|4.348e-70|1|0|491|491[491]:0[0]:492[492]
56919	74+462	0	7764	1	31295at4891_1|140657|+|220|1.494e-59|1|74|535|74[74]:535[535]:462[462]
56923	545-546	0	22260	-1	22450at4891|140913|-|277|1.037e-76|1|0|545|545[545]:0[0]:546[546]
56928	80+483	0	15792	1	29089at4891_2|141233|+|247|1.113e-67|1|80|562|80[80]:562[562]:483[483]
56930	36+528	0	16619	1	33444at4891_2|141361|+|220|1.494e-59|1|36|563|36[36]:563[563]:528[528]
56933	577-564	0	11622	-1	4361at4891_0|141553|-|107|1.551e-25|1|14|577|577[577]:14[14]:564[564]
56940	602-501	0	20258	-1	31995at4891_4|142001|-|310|1.207e-86|1|102|602|602[602]:102[102]:501[501]
56946	7+621	0	22266	1	22870at4891_7|142385|+|353|1.372e-99|1|7|627|7[7]:627[627]:621[621]
56949	0+633	0	34	1	11823at4891_9|142577|+|292|3.164e-81|1|0|632|0[0]:632[632]:633[633]
56965	727-627	0	5420	-1	24785at4891_3|143601|-|391|4.991e-111|1|101|727|727[727]:101[101]:627[627]
56966	646-633	0	6349	-1	33683at4891_4|143665|-|214|9.562e-58|1|14|646|646[646]:14[14]:633[633]
56973	11+660	0	7861	1	35950at4891_7|144113|+|319|2.357e-89|1|11|670|11[11]:670[670]:660[660]
56975	768-768	0	53	-1	12629at4891_1|144241|-|245|4.453e-67|1|1|768|768[768]:1[1]:768[768]
56979	1+837	0	3004	1	13407at4891_1|144497|+|218|5.976e-59|1|1|837|1[1]:837[837]:837[837]
56980	855-825	0	4594	-1	19942at4891_3|144561|-|381|5.111e-108|1|31|855|855[855]:31[31]:825[825]
56982	2+882	0	7648	1	25943at4891_2|144689|+|177|1.314e-46|1|2|883|2[2]:883[883]:882[882]
56985	923-675	0	11507	-1	34789at4891_2|144881|-|96|3.177e-22|1|249|923|923[923]:249[249]:675[675]
56986	80+810	0	17583	1	8344at4891_2|144945|+|472|2.064e-135|1|80|889|80[80]:889[889]:810[810]
56988	982-912	0	6859	-1	23312at4891_1|145073|-|509|1.502e-146|1|71|982|982[982]:71[71]:912[912]
56989	702-687	0	4765	-1	28331at4891_2|145137|-|176|2.628e-46|1|16|702|702[702]:16[16]:687[687]
56991	822-768	0	21229	-1	7136at4891_8|145265|-|38|9.158e-05|1|55|822|822[822]:55[55]:768[768]
56992	1073-1074	0	19633	-1	3773at4891_8|145329|-|417|7.438e-119|1|0|1073|1073[1073]:0[0]:1074[1074]
56997	317+978	0	16146	1	9948at4891_2|145649|+|506|1.202e-145|1|317|1294|317[317]:1294[1294]:978[978]
57000	111+1425	0	11774	1	11626at4891_7|145841|+|330|1.151e-92|1|111|1535|111[111]:1535[1535]:1425[1425]
57001	1831-1740	0	5016	-1	4360at4891_2|145905|-|81|1.041e-17|1|92|1831|1831[1831]:92[92]:1740[1740]
58903	8+225	0	15156	1	33667at4891_6|121715|+|61|1.092e-11|1|8|232|8[8]:232[232]:225[225]
59091	6+354	0	596	1	40939at4891_1|133747|+|169|3.364e-44|1|6|359|6[6]:359[359]:354[354]
59108	8+369	0	18534	1	19532at4891_6|134835|+|63|2.729e-12|1|8|376|8[8]:376[376]:369[369]
59131	403-402	0	3844	-1	18893at4891_7|136307|-|69|4.265e-14|1|2|403|403[403]:2[2]:402[402]
59135	2+411	0	21730	1	32213at4891_2|136563|+|192|4.011e-51|1|2|412|2[2]:412[412]:411[411]
59161	452-438	0	3372	-1	31712at4891_7|138227|-|214|9.562e-58|1|15|452|452[452]:15[15]:438[438]
59163	455-435	0	15944	-1	36583at4891_9|138355|-|175|5.257e-46|1|21|455|455[455]:21[21]:435[435]
59167	465-465	0	14245	-1	25484at4891_9|138611|-|291|6.327e-81|1|1|465|465[465]:1[1]:465[465]
59179	341-255	0	21866	-1	39726at4891_2|139379|-|152|4.41e-39|1|87|341|341[341]:87[87]:255[255]
59180	3+471	0	2144	1	7062at4891_5|139443|+|251|6.957e-69|1|3|473|3[3]:473[473]:471[471]
59181	0+492	0	22452	1	31637at4891_2|139507|+|260|1.359e-71|1|0|491|0[0]:491[491]:492[492]
59185	0+456	0	3940	1	24207at4891_2|139763|+|204|9.791e-55|1|0|455|0[0]:455[455]:456[456]
59206	0+486	0	2054	1	40035at4891_2|141107|+|169|3.364e-44|1|0|485|0[0]:485[485]:486[486]
59212	568-516	0	21429	-1	17265at4891_7|141491|-|38|9.158e-05|1|53|568|568[568]:53[53]:516[516]
59216	0+591	0	13258	1	12349at4891_4|141747|+|321|5.893e-90|1|0|590|0[0]:590[590]:591[591]
59219	31+546	0	20890	1	27389at4891_2|141939|+|260|1.359e-71|1|31|576|31[31]:576[576]:546[546]
59220	0+606	0	42	1	12232at4891_1|142003|+|370|1.047e-104|1|0|605|0[0]:605[605]:606[606]
59224	7+612	0	20936	1	29332at4891_3|142259|+|311|6.034e-87|1|7|618|7[7]:618[618]:612[612]
59231	37+465	0	9314	1	35160at4891_2|142707|+|284|8.099e-79|1|37|501|37[37]:501[501]:465[465]
59232	2+642	0	12047	1	25646at4891_2|142771|+|385|3.195e-109|1|2|643|2[2]:643[643]:642[642]
59234	642-636	0	19234	-1	17728at4891_8|142899|-|170|1.682e-44|1|7|642|642[642]:7[7]:636[636]
59236	172+480	0	15602	1	1979at4891_9|143027|+|218|5.976e-59|1|172|651|172[172]:651[651]:480[480]
59242	80+411	0	23173	1	31017at4891_4|143411|+|158|6.89e-41|1|80|490|80[80]:490[490]:411[411]
59248	747-681	0	11198	-1	1979at4891_3|143795|-|135|5.78e-34|1|67|747|747[747]:67[67]:681[681]
59254	771-702	0	20918	-1	28605at4891|144179|-|96|3.177e-22|1|70|771|771[771]:70[70]:702[702]
59256	798-798	0	16639	-1	34449at4891_4|144307|-|168|6.729e-44|1|1|798|798[798]:1[1]:798[798]
59258	808-690	0	11427	-1	30857at4891_2|144435|-|123|2.367e-30|1|119|808|808[808]:119[119]:690[690]
59262	4+879	0	19754	1	6891at4891_2|144691|+|492|1.969e-141|1|4|882|4[4]:882[882]:879[879]
59264	875-840	0	2363	-1	18221at4891_7|144819|-|409|1.904e-116|1|36|875|875[875]:36[36]:840[840]
59266	219+726	0	14082	1	16921at4891_4|144947|+|52|5.59e-09|1|219|944|219[219]:944[944]:726[726]
59269	1008-1008	0	8056	-1	9175at4891_7|145139|-|601|3.033e-174|1|1|1008|1008[1008]:1[1]:1008[1008]
59272	1025-1014	0	8091	-1	10896at4891_4|145331|-|373|1.308e-105|1|12|1025|1025[1025]:12[12]:1014[1014]
59280	63+1749	0	14598	1	6149at4891_2|145843|+|812|9.217e-238|1|63|1811|63[63]:1811[1811]:1749[1749]
59281	182+1380	0	6756	1	17712at4891_2|145907|+|460|8.456e-132|1|182|1561|182[182]:1561[1561]:1380[1380]
61315	34+276	0	9319	1	35478at4891_8|130165|+|53|2.795e-09|1|34|309|34[34]:309[309]:276[276]
61382	340-339	0	11358	-1	27875at4891_2|134453|-|159|3.445e-41|1|2|340|340[340]:2[2]:339[339]
61403	1+396	0	17867	1	23226at4891_7|135797|+|265|4.246e-73|1|1|396|1[1]:396[396]:396[396]
61417	1+414	0	15895	1	33952at4891_2|136693|+|145|5.644e-37|1|1|414|1[1]:414[414]:414[414]
61442	147+309	0	12010	1	24034at4891_6|138293|+|145|5.644e-37|1|147|455|147[147]:455[455]:309[309]
61458	1+486	0	1705	1	22313at4891_7|139317|+|295|3.955e-82|1|1|486|1[1]:486[486]:486[486]
61460	22+471	0	13013	1	36885at4891_0|139445|+|291|6.327e-81|1|22|492|22[22]:492[492]:471[471]
61464	157+342	0	7124	1	35823at4891_9|139701|+|182|4.107e-48|1|157|498|157[157]:498[498]:342[342]
61472	516-516	0	7086	-1	33875at4891_2|140213|-|246|2.226e-67|1|1|516|516[516]:1[1]:516[516]
61479	532-531	0	20903	-1	27998at4891_1|140661|-|266|2.123e-73|1|2|532|532[532]:2[2]:531[531]
61496	590-591	0	4742	-1	27342at4891_2|141749|-|261|6.794e-72|1|0|590|590[590]:0[0]:591[591]
61508	604-456	0	17326	-1	32172at4891_7|142517|-|40|2.29e-05|1|149|604|604[604]:149[149]:456[456]
61517	8+600	0	4767	1	28463at4891_2|143093|+|271|6.635e-75|1|8|607|8[8]:607[607]:600[600]
61519	59+621	0	7354	1	10759at4891_6|143221|+|186|2.567e-49|1|59|679|59[59]:679[679]:621[621]
61525	728-729	0	13410	-1	20323at4891_7|143605|-|333|1.439e-93|1|0|728|728[728]:0[0]:729[729]
61531	367-366	0	5642	-1	35061at4891_9|143989|-|248|5.566e-68|1|2|367|367[367]:2[2]:366[366]
61533	2+753	0	19851	1	11823at4891_4|144117|+|282|3.24e-78|1|2|754|2[2]:754[754]:753[753]
61543	659-660	0	2965	-1	11586at4891_7|144757|-|158|6.89e-41|1|0|659|659[659]:0[0]:660[660]
61547	1+894	0	5153	1	10849at4891_2|145013|+|561|3.335e-162|1|1|894|1[1]:894[894]:894[894]
61550	1030-1029	0	8796	-1	9553at4891_2|145205|-|603|7.584e-175|1|2|1030|1030[1030]:2[2]:1029[1029]
61552	810-720	0	4112	-1	32012at4891_2|145333|-|349|2.195e-98|1|91|810|810[810]:91[91]:720[720]
61553	1113-1068	0	22521	-1	34959at4891_2|145397|-|415|2.975e-118|1|46|1113|1113[1113]:46[46]:1068[1068]
61556	731+393	0	4832	1	31405at4891_4|145589|+|251|6.957e-69|1|731|1123|731[731]:1123[1123]:393[393]
61557	1198-1197	0	19064	-1	9061at4891_2|145653|-|529|1.432e-152|1|2|1198|1198[1198]:2[2]:1197[1197]
61559	300+1245	0	5981	1	15516at4891_8|145781|+|88|8.134e-20|1|300|1544|300[300]:1544[1544]:1245[1245]
63411	1+198	0	12311	1	38821at4891_2|118391|+|123|2.367e-30|1|1|198|1[1]:198[198]:198[198]
63552	6+273	0	8505	1	31564at4891_6|127415|+|48|8.944e-08|1|6|278|6[6]:278[278]:273[273]
63556	1+279	0	18031	1	30691at4891_2|127671|+|155|5.512e-40|1|1|279|1[1]:279[279]:279[279]
63631	341-342	0	5248	-1	15588at4891_6|132471|-|59|4.367e-11|1|0|341|341[341]:0[0]:342[342]
63656	364-351	0	18711	-1	28379at4891|134071|-|227|1.167e-61|1|14|364|364[364]:14[14]:351[351]
63695	0+408	0	9129	1	26500at4891_2|136567|+|207|1.224e-55|1|0|407|0[0]:407[407]:408[408]
63720	105+348	0	18108	1	34470at4891_5|138167|+|174|1.051e-45|1|105|452|105[105]:452[452]:348[348]
63729	469-468	0	7729	-1	29555at4891_2|138743|-|245|4.453e-67|1|2|469|469[469]:2[2]:468[468]
63750	512-513	0	12843	-1	28548at4891_0|140087|-|288|5.062e-80|1|0|512|512[512]:0[0]:513[513]
63751	479-480	0	17958	-1	27558at4891_5|140151|-|291|6.327e-81|1|0|479|479[479]:0[0]:480[480]
63752	483-411	0	14517	-1	39138at4891_1|140215|-|177|1.314e-46|1|73|483|483[483]:73[73]:411[411]
63754	0+504	0	8557	1	34011at4891_1|140343|+|248|5.566e-68|1|0|503|0[0]:503[503]:504[504]
63758	427-423	0	2800	-1	41036at4891_2|140599|-|111|9.697e-27|1|5|427|427[427]:5[5]:423[423]
63763	50+498	0	17307	1	31342at4891_2|140919|+|148|7.055e-38|1|50|547|50[50]:547[547]:498[498]
63782	607-606	0	14425	-1	33842at4891_2|142135|-|124|1.184e-30|1|2|607|607[607]:2[2]:606[606]
63793	31+591	0	14851	1	18807at4891_3|142839|+|90|2.034e-20|1|31|621|31[31]:621[621]:591[591]
63798	1+681	0	20868	1	26320at4891_1|143159|+|377|8.178e-107|1|1|681|1[1]:681[681]:681[681]
63801	469-465	0	5312	-1	18893at4891_9|143351|-|99|3.972e-23|1|5|469|469[469]:5[5]:465[465]
63804	720-612	0	6362	-1	34345at4891_2|143543|-|289|2.531e-80|1|109|720|720[720]:109[109]:612[612]
63809	111+546	0	3179	1	22625at4891_3|143863|+|79|4.165e-17|1|111|656|111[111]:656[656]:546[546]
63815	802-801	0	19877	-1	13029at4891_0|144247|-|109|3.879e-26|1|2|802|802[802]:2[2]:801[801]
63816	479-393	0	7921	-1	39731at4891_4|144311|-|163|2.153e-42|1|87|479|479[479]:87[87]:393[393]
63825	828-804	0	17137	-1	23379at4891_2|144887|-|463|1.057e-132|1|25|828|828[828]:25[25]:804[804]
63827	938-471	0	15619	-1	20755at4891_3|145015|-|37|0.0001832|1|468|938|938[938]:468[468]:471[471]
63828	983-981	0	16031	-1	4496at4891_2|145079|-|551|3.415e-159|1|3|983|983[983]:3[3]:981[981]
63832	407-408	0	12977	-1	34849at4891_2|145335|-|238|5.699e-65|1|0|407|407[407]:0[0]:408[408]
63835	1194-1152	0	2279	-1	13823at4891_2|145527|-|538|2.798e-155|1|43|1194|1194[1194]:43[43]:1152[1152]
63840	1139-1140	0	23106	-1	28072at4891_2|145847|-|495|2.461e-142|1|0|1139|1139[1139]:0[0]:1140[1140]
63841	1277+1008	0	2390	1	19777at4891_2|145911|+|419|1.859e-119|1|1277|2284|1277[1277]:2284[2284]:1008[1008]
65999	16+429	0	15602	1	1979at4891_9|138105|+|93|2.542e-21|1|16|444|16[16]:444[444]:429[429]
66016	1+429	0	3382	1	32228at4891_8|139193|+|237|1.14e-64|1|1|429|1[1]:429[429]:429[429]
66034	1+525	0	2595	1	29729at4891_2|140345|+|213|1.912e-57|1|1|525|1[1]:525[525]:525[525]
66043	2+477	0	18557	1	20921at4891_5|140921|+|92|5.084e-21|1|2|478|2[2]:478[478]:477[477]
66052	575-432	0	1007	-1	24318at4891_6|141497|-|97|1.589e-22|1|144|575|575[575]:144[144]:432[432]
66053	48+480	0	3467	1	36627at4891_2|141561|+|226|2.334e-61|1|48|527|48[48]:527[527]:480[480]
66056	86+453	0	9278	1	33387at4891_4|141753|+|236|2.28e-64|1|86|538|86[86]:538[538]:453[453]
66057	592-573	0	230	-1	21977at4891_1|141817|-|197|1.253e-52|1|20|592|592[592]:20[20]:573[573]
66068	636-636	0	16190	-1	12254at4891_1|142521|-|422|2.324e-120|1|1|636|636[636]:1[1]:636[636]
66070	644-645	0	9958	-1	30714at4891_1|142649|-|293|1.582e-81|1|0|644|644[644]:0[0]:645[645]
66076	187+483	0	15602	1	1979at4891_9|143033|+|107|1.551e-25|1|187|669|187[187]:669[669]:483[483]
66077	11+642	0	9018	1	21150at4891_0|143097|+|76|3.332e-16|1|11|652|11[11]:652[652]:642[642]
66078	1+666	0	12933	1	32785at4891_1|143161|+|284|8.099e-79|1|1|666|1[1]:666[666]:666[666]
66086	1+735	0	13685	1	33557at4891_7|143673|+|281|6.479e-78|1|1|735|1[1]:735[735]:735[735]
66089	732-732	0	22260	-1	22450at4891|143865|-|369|2.094e-104|1|1|732|732[732]:1[1]:732[732]
66093	582-459	0	15120	-1	31994at4891_8|144121|-|225|4.669e-61|1|124|582|582[582]:124[124]:459[459]
66099	847-702	0	12580	-1	15011at4891_2|144505|-|286|2.025e-79|1|146|847|847[847]:146[146]:702[702]
66104	347-246	0	9404	-1	40958at4891_2|144825|-|119|3.788e-29|1|102|347|347[347]:102[102]:246[246]
66104	591+306	0	15979	1	38778at4891_9|144825|+|103|2.482e-24|1|591|896|591[591]:896[896]:306[306]
66106	947-945	0	20030	-1	21248at4891_2|144953|-|482|2.016e-138|1|3|947|947[947]:3[3]:945[945]
66110	1032-957	0	900	-1	18553at4891_0|145209|-|585|1.988e-169|1|76|1032|1032[1032]:76[76]:957[957]
66112	1083-1038	0	23105	-1	28037at4891_3|145337|-|211|7.649e-57|1|46|1083|1083[1083]:46[46]:1038[1038]
66115	237-237	0	19649	-1	38787at4891_3|145529|-|122|4.735e-30|1|1|237|237[237]:1[1]:237[237]
66121	1995-1851	0	10975	-1	8231at4891_6|145913|-|224|9.338e-61|1|145|1995|1995[1995]:145[145]:1851[1851]
67920	1+201	0	10112	1	39072at4891_7|115131|+|63|2.729e-12|1|1|201|1[1]:201[201]:201[201]
68109	273-222	0	12941	-1	33122at4891_4|127227|-|71|1.066e-14|1|52|273|273[273]:52[52]:222[222]
68125	284-243	0	23184	-1	31628at4891_4|128251|-|124|1.184e-30|1|42|284|284[284]:42[42]:243[243]
68144	5+288	0	11612	1	41774at4891|129467|+|78|8.329e-17|1|5|292|5[5]:292[292]:288[288]
68208	356-288	0	22488	-1	33351at4891_2|133563|-|162|4.306e-42|1|69|356|356[356]:69[69]:288[288]
68261	375-375	0	14525	-1	39598at4891_4|136955|-|128|7.398e-32|1|1|375|375[375]:1[1]:375[375]
68275	333-333	0	21035	-1	34017at4891_7|137851|-|104|1.241e-24|1|1|333|333[333]:1[1]:333[333]
68296	482-483	0	17263	-1	29170at4891_1|139195|-|252|3.479e-69|1|0|482|482[482]:0[0]:483[483]
68326	237+303	0	17405	1	36167at4891_7|141115|+|103|2.482e-24|1|237|539|237[237]:539[539]:303[303]
68335	542-531	0	6339	-1	33312at4891_2|141691|-|289|2.531e-80|1|12|542|542[542]:12[12]:531[531]
68336	252+333	0	5248	1	15588at4891_6|141755|+|75|6.664e-16|1|252|584|252[252]:584[584]:333[333]
68350	554-555	0	11273	-1	23884at4891_8|142651|-|274|8.294e-76|1|0|554|554[554]:0[0]:555[555]
68360	0+693	0	4192	1	36033at4891_1|143291|+|263|1.699e-72|1|0|692|0[0]:692[692]:693[693]
68372	16+759	0	21378	1	14521at4891_2|144059|+|108|7.757e-26|1|16|774|16[16]:774[774]:759[759]
68373	220+573	0	11334	1	26624at4891_2|144123|+|239|2.85e-65|1|220|792|220[220]:792[792]:573[573]
68377	828-828	0	23391	-1	5530at4891_2|144379|-|485|2.52e-139|1|1|828|828[828]:1[1]:828[828]
68379	580-579	0	9405	-1	41002at4891_1|144507|-|48|8.944e-08|1|2|580|580[580]:2[2]:579[579]
68380	860-861	0	10364	-1	14309at4891_2|144571|-|520|7.334e-150|1|0|860|860[860]:0[0]:861[861]
68382	442+432	0	22974	1	21615at4891_8|144699|+|45|7.155e-07|1|442|873|442[442]:873[873]:432[432]
68386	104+543	0	7662	1	26542at4891|144955|+|41|1.145e-05|1|104|646|104[104]:646[646]:543[543]
68387	590-453	0	14048	-1	15011at4891_4|145019|-|148|7.055e-38|1|138|590|590[590]:138[138]:453[453]
68388	2+855	0	158	1	18042at4891_7|145083|+|203|1.958e-54|1|2|856|2[2]:856[856]:855[855]
68391	1021-1020	0	7364	-1	11279at4891_7|145275|-|629|1.13e-182|1|2|1021|1021[1021]:2[2]:1020[1020]
68392	952-933	0	6978	-1	28784at4891_7|145339|-|383|1.278e-108|1|20|952|952[952]:20[20]:933[933]
68393	1083-1077	0	14120	-1	18913at4891|145403|-|185|5.133e-49|1|7|1083|1083[1083]:7[7]:1077[1077]
68394	1120-1056	0	11883	-1	17054at4891_9|145467|-|569|1.303e-164|1|65|1120|1120[1120]:65[65]:1056[1056]
68399	1+1569	0	4628	1	2167at4891_2|145787|+|850|3.353e-249|1|1|1569|1[1]:1569[1569]:1569[1569]
68401	83+1506	0	16211	1	13235at4891_2|145915|+|651|2.694e-189|1|83|1588|83[83]:1588[1588]:1506[1506]
70347	208-207	0	534	-1	36811at4891_6|124541|-|110|1.939e-26|1|2|208|208[208]:2[2]:207[207]
70460	0+330	0	15779	1	28548at4891_4|131773|+|135|5.78e-34|1|0|329|0[0]:329[329]:330[330]
70544	2+423	0	23186	1	31659at4891_4|137149|+|192|4.011e-51|1|2|424|2[2]:424[424]:423[423]
70562	100+354	0	11565	1	38133at4891_2|138301|+|156|2.756e-40|1|100|453|100[100]:453[453]:354[354]
70568	10+456	0	1158	1	31279at4891_3|138685|+|54|1.397e-09|1|10|465|10[10]:465[465]:456[456]
70574	24+384	0	4983	1	39593at4891_2|139069|+|127|1.48e-31|1|24|407|24[24]:407[407]:384[384]
70581	494-495	0	3932	-1	23784at4891|139517|-|322|2.946e-90|1|0|494|494[494]:0[0]:495[495]
70582	283+168	0	2725	1	36106at4891_9|139581|+|36|0.0003663|1|283|450|283[283]:450[450]:168[168]
70590	513-513	0	9199	-1	29650at4891_2|140093|-|199|3.133e-53|1|1|513|513[513]:1[1]:513[513]
70592	517-516	0	14075	-1	16576at4891_0|140221|-|376|1.636e-106|1|2|517|517[517]:2[2]:516[516]
70595	528-489	0	16561	-1	30604at4891_2|140413|-|199|3.133e-53|1|40|528|528[528]:40[40]:489[489]
70624	451-393	0	3470	-1	36821at4891|142269|-|257|1.087e-70|1|59|451|451[451]:59[59]:393[393]
70625	624-612	0	21110	-1	38368at4891_1|142333|-|153|2.205e-39|1|13|624|624[624]:13[13]:612[612]
70639	686-687	0	20620	-1	13437at4891_3|143229|-|214|9.562e-58|1|0|686|686[686]:0[0]:687[687]
70642	657-627	0	10084	-1	37332at4891_2|143421|-|182|4.107e-48|1|31|657|657[657]:31[31]:627[627]
70649	96+660	0	9853	1	26091at4891_2|143869|+|417|7.438e-119|1|96|755|96[96]:755[755]:660[660]
70651	748-749	0	10727	-1	32519at4891_2|143997|-|328|4.604e-92|2|0|748|748[748]:578[578]:171[171]|551[551]:0[0]:552[552]
70653	112+681	0	17881	1	23976at4891_4|144125|+|393|1.248e-111|1|112|792|112[112]:792[792]:681[681]
70660	702-699	0	259	-1	23591at4891_8|144573|-|421|4.649e-120|1|4|702|702[702]:4[4]:699[699]
70666	947-909	0	14943	-1	23894at4891_2|144957|-|455|2.706e-130|1|39|947|947[947]:39[39]:909[909]
70668	986-987	0	16767	-1	4581at4891_1|145085|-|594|3.883e-172|1|0|986|986[986]:0[0]:987[987]
70670	5+927	0	13183	1	8550at4891_3|145213|+|205|4.896e-55|1|5|931|5[5]:931[931]:927[927]
70673	1044-1044	0	16860	-1	8978at4891_1|145405|-|595|1.941e-172|1|1|1044|1044[1044]:1[1]:1044[1044]
70674	1049-1050	0	601	-1	4151at4891_7|145469|-|371|5.234e-105|1|0|1049|1049[1049]:0[0]:1050[1050]
70680	101+1737	0	2135	1	6711at4891_3|145853|+|381|5.111e-108|1|101|1837|101[101]:1837[1837]:1737[1737]
72665	1+273	0	23184	1	31628at4891_4|126975|+|154|1.102e-39|1|1|273|1[1]:273[273]:273[273]
72791	14+297	0	5004	1	41476at4891_3|135039|+|69|4.265e-14|1|14|310|14[14]:310[310]:297[297]
72836	7+423	0	3844	1	18893at4891_7|137919|+|105|6.206e-25|1|7|429|7[7]:429[429]:423[423]
72840	452-384	0	7005	-1	29979at4891_2|138175|-|185|5.133e-49|1|69|452|452[452]:69[69]:384[384]
72887	491-492	0	19291	-1	20921at4891_6|141183|-|321|5.893e-90|1|0|491|491[491]:0[0]:492[492]
72899	2+582	0	11815	1	13648at4891|141951|+|353|1.372e-99|1|2|583|2[2]:583[583]:582[582]
72903	581-552	0	21041	-1	34341at4891_1|142207|-|218|5.976e-59|1|30|581|581[581]:30[30]:552[552]
72912	651-576	0	7935	-1	40855at4891_1|142783|-|164|1.077e-42|1|76|651|651[651]:76[76]:576[576]
72917	184+492	0	19397	1	26166at4891_2|143103|+|241|7.124e-66|1|184|675|184[184]:675[675]:492[492]
72927	741-675	0	6266	-1	29747at4891_6|143743|-|331|5.755e-93|1|67|741|741[741]:67[67]:675[675]
72933	792-756	0	22751	-1	9921at4891_1|144127|-|381|5.111e-108|1|37|792|792[792]:37[37]:756[756]
72936	675-489	0	15152	-1	33531at4891|144319|-|168|6.729e-44|1|187|675|675[675]:187[187]:489[489]
72946	923-924	0	13900	-1	7600at4891_9|144959|-|494|4.922e-142|1|0|923|923[923]:0[0]:924[924]
72951	1+1062	0	12093	1	27915at4891_2|145279|+|370|1.047e-104|1|1|1062|1[1]:1062[1062]:1062[1062]
72953	1117-1113	0	4318	-1	5851at4891_3|145407|-|509|1.502e-146|1|5|1117|1117[1117]:5[5]:1113[1113]
72957	703-672	0	3304	-1	28641at4891_6|145663|-|229|2.918e-62|1|32|703|703[703]:32[32]:672[672]
72958	776+564	0	485	1	34052at4891|145727|+|177|1.314e-46|1|776|1339|776[776]:1339[1339]:564[564]
72958	514-510	0	14342	-1	29906at4891_4|145727|-|220|1.494e-59|1|5|514|514[514]:5[5]:510[510]
72960	1+1863	0	1011	1	2456at4891_2|145855|+|452|2.165e-129|1|1|1863|1[1]:1863[1863]:1863[1863]
